,buy_and_hold,periodic_rebalance
2020-01-02,1.0000000000000002,1.0000000000000002
2020-01-03,1.0066802998590272,1.0066802998590272
2020-01-06,1.0118603913772988,1.0118603913772988
2020-01-07,1.0103653067162763,1.0103653067162763
2020-01-08,1.0120653856837207,1.0120653856837207
2020-01-09,1.0041637513644424,1.0041637513644424
2020-01-10,1.008633897507565,1.008633897507565
2020-01-13,1.0084342746600843,1.0084342746600843
2020-01-14,1.0052715106775902,1.0052715106775902
2020-01-15,1.0065764745990964,1.0065764745990964
2020-01-16,1.0075717631728032,1.0075717631728032
2020-01-17,1.0099888872785068,1.0099888872785068
2020-01-20,1.0064865497577034,1.0064865497577034
2020-01-21,1.0035182789728712,1.0035182789728712
2020-01-22,1.0014400842794362,1.0014400842794362
2020-01-23,0.9982107425091674,0.9982107425091674
2020-02-03,0.967866461496345,0.9669628656625519
2020-02-04,0.9792156560568297,0.978245464012739
2020-02-05,0.9890866795765612,0.9875630613243902
2020-02-06,1.003597743861861,1.002160498666442
2020-02-07,1.0027020623316836,1.0008396639191885
2020-02-10,1.0039183372382408,1.0018055578913394
2020-02-11,1.013140471589388,1.01043150958239
2020-02-12,1.020046559901129,1.016964791183005
2020-02-13,1.033204502000098,1.029006250622706
2020-02-14,1.0222226240409555,1.0187993358240737
2020-02-17,1.0237030459132594,1.0204939878056118
2020-02-18,1.013917184239615,1.0111696557002672
2020-02-19,1.015978903906672,1.0135055007061802
2020-02-20,1.024072785261239,1.0218121342579791
2020-02-21,1.0210436966197638,1.0190054649137315
2020-02-24,1.0121562308552134,1.0104684941199649
2020-02-25,1.013044749662336,1.0107244142257574
2020-02-26,1.0055677754142,1.0032231228233455
2020-02-27,0.9980023365376947,0.9954819466057143
2020-02-28,0.9683195735625717,0.9655579400863934
2020-03-02,0.9850682493779148,0.983903709707299
2020-03-03,0.9870567664211802,0.9860877017515363
2020-03-04,0.9948447371225866,0.9938346828045326
2020-03-05,0.9997998928881762,0.9988621063340772
2020-03-06,0.9925046716498669,0.9904251156713375
2020-03-09,0.9559429484089207,0.950495250768974
2020-03-10,0.9605200659005008,0.9530515505990057
2020-03-11,0.9457688365260788,0.9367798196897021
2020-03-12,0.9206169488203091,0.9087428180723809
2020-03-13,0.9088247676927125,0.8961312560450192
2020-03-16,0.8801202157193933,0.8679578798877915
2020-03-17,0.876103000877769,0.8655577891083127
2020-03-18,0.869291900610905,0.8578229276667162
2020-03-19,0.8720818092519325,0.860950699077899
2020-03-20,0.8887834371290864,0.8786638990517417
2020-03-23,0.8747942800848655,0.8652497518449553
2020-03-24,0.9048097280145087,0.894833588023638
2020-03-25,0.9237303072222668,0.9138830993552931
2020-03-26,0.9135879051446376,0.9030272142361886
2020-03-27,0.9123850600860544,0.9015926688547512
2020-03-30,0.9028502201543853,0.8918023520183558
2020-03-31,0.9067878488730285,0.8965160417308695
2020-04-01,0.9018901774713552,0.8922398095429778
2020-04-02,0.9142763596048249,0.9072535972803222
2020-04-03,0.9100437304530051,0.9019216085920221
2020-04-07,0.923777395912451,0.9125404879561395
2020-04-08,0.9201951180652137,0.9089904340626773
2020-04-09,0.9241765303046122,0.9137915751011494
2020-04-10,0.9199062654323066,0.9085588368142662
2020-04-13,0.9181834331128216,0.9073999606796156
2020-04-14,0.9285381258159184,0.9173671064419479
2020-04-15,0.9328008285884151,0.9215439120781818
2020-04-16,0.9358944230958544,0.9243076591279689
2020-04-17,0.9417270228235701,0.9307999449699236
2020-04-20,0.9399586547899742,0.9284821215974857
2020-04-21,0.9360023085010928,0.9230639587099556
2020-04-22,0.9385545358483289,0.923394685661078
2020-04-23,0.9501834024498271,0.9365963658757746
2020-04-24,0.9493757657124404,0.9355438655256265
2020-04-27,0.9565417035792895,0.9427509438505238
2020-04-28,0.9627837594092935,0.9493745193110273
2020-04-29,0.9729657854447981,0.9607597775258152
2020-04-30,0.9891233486871314,0.9826100906951701
2020-05-06,0.9861556913096142,0.9781135000230223
2020-05-07,0.980632829726326,0.9709105650174493
2020-05-08,0.9890863695670659,0.9800080921024238
2020-05-11,0.9854558906581323,0.9779407787085305
2020-05-12,0.9794487992947429,0.9719560396713617
2020-05-13,0.9782244815519983,0.9701433580007024
2020-05-14,0.9704506645646728,0.9606931577552957
2020-05-15,0.9754877143761084,0.9655135431589412
2020-05-18,0.9848455214893389,0.9745830667691637
2020-05-19,0.9930842767277552,0.9846100242620833
2020-05-20,0.990949767047564,0.981806050132247
2020-05-21,0.9889980962438466,0.9807033769322512
2020-05-22,0.973932716030254,0.9648291932091263
2020-05-25,0.9832090707162423,0.9744260424075024
2020-05-26,0.9939403926313478,0.9859586279618413
2020-05-27,0.9890924998043016,0.9818358198125449
2020-05-28,0.9909585166417193,0.983843822418068
2020-05-29,0.9860111226102511,0.9774546931815755
2020-06-01,0.9938308797319028,0.9853608851386788
2020-06-02,0.9935694635709567,0.985760750274117
2020-06-03,0.9978128000625407,0.9923375078273003
2020-06-04,0.9975847928718545,0.9924409502188075
2020-06-05,1.00259983237242,0.999634689293328
2020-06-08,1.0139331026176337,1.016777467385855
2020-06-09,1.031196900349783,1.0414317813302227
2020-06-10,1.023444963917231,1.0295566315613744
2020-06-11,1.0102567047727455,1.0095267827078056
2020-06-12,1.0018223775898847,0.9991473996236191
2020-06-15,0.9911869856043378,0.9871560317038347
2020-06-16,1.0121873623686137,1.0121642693626598
2020-06-17,1.0125890533621282,1.012472471845474
2020-06-18,1.0081735336239657,1.0065836005321955
2020-06-19,1.0142749003481026,1.014063777446894
2020-06-22,1.0128124886968317,1.010763854441615
2020-06-23,1.013650774319549,1.0109659754441307
2020-06-24,1.0175269196763852,1.0140791380326157
2020-06-29,1.0036936903715912,0.9968587321876057
2020-06-30,1.0071943899438252,1.0005945189588357
2020-07-01,1.01495378208896,1.008202398075643
2020-07-02,1.0183331088679708,1.011469099654712
2020-07-03,1.0224422620603588,1.0152401313343429
2020-07-06,1.0402443650685091,1.0339833165728438
2020-07-07,1.0366691779705035,1.02935795652538
2020-07-08,1.038211160813213,1.0304512294311072
2020-07-09,1.0439670907209055,1.0355880466140852
2020-07-10,1.0353351034774374,1.025316983116799
2020-07-13,1.0466737918647153,1.0365349406960935
2020-07-14,1.0389500559359819,1.0279390270336908
2020-07-15,1.038402649273764,1.027727687395432
2020-07-16,1.0229964088648915,1.0127934702292873
2020-07-17,1.0280525088983585,1.018296271293163
2020-07-20,1.032118340611746,1.0216452935181652
2020-07-21,1.0438609310817228,1.032457464209076
2020-07-22,1.054077224834851,1.0440373607484412
2020-07-23,1.055415492421572,1.045080664461659
2020-07-24,1.0372703181115994,1.0263201407936449
2020-07-27,1.0466118494051233,1.0354525099174081
2020-07-28,1.0478689131796712,1.035826127106542
2020-07-29,1.0536763509372657,1.041644572717059
2020-07-30,1.0505395481207536,1.0392826026764872
2020-07-31,1.0566929505661722,1.0438802098698206
2020-08-03,1.0590677314147225,1.0461063655118799
2020-08-04,1.0630368242445862,1.049534272837678
2020-08-05,1.0720477708015155,1.058894161314199
2020-08-06,1.0748342644433597,1.0629297471784047
2020-08-07,1.0744080782956353,1.060647401589857
2020-08-10,1.0747743670311565,1.0624549688264746
2020-08-11,1.0705329364538199,1.0616524448702447
2020-08-12,1.0514512871956976,1.0450928416470378
2020-08-13,1.0609294879692184,1.0538589468684032
2020-08-14,1.0654840152448306,1.0568977840992488
2020-08-17,1.075154320156595,1.0668467774873576
2020-08-18,1.0799125467927,1.0704433403827385
2020-08-19,1.0739870231415822,1.0634428676017817
2020-08-20,1.0635473130539803,1.052986595041339
2020-08-21,1.0711392673822133,1.0589291660851088
2020-08-24,1.0806700046142128,1.0665725325040563
2020-08-25,1.0949550686249239,1.0798917444614173
2020-08-26,1.08520858224194,1.0706158551600553
2020-08-27,1.1009062289814007,1.083740702776912
2020-08-28,1.1122037164967815,1.093391581168567
2020-08-31,1.1291570530821717,1.109322852801693
2020-09-01,1.1279982021953863,1.1078543523311144
2020-09-02,1.1370083356739562,1.1131596548776561
2020-09-03,1.1371899870908055,1.1108596165642892
2020-09-04,1.105618333418377,1.0869167970966847
2020-09-07,1.0765460203175343,1.0636063382410974
2020-09-08,1.093543097600824,1.0765805870386456
2020-09-09,1.0691932176064975,1.0540715325807883
2020-09-10,1.0797680853330751,1.0625608524455645
2020-09-11,1.074455785450329,1.0576897641482272
2020-09-14,1.0820896303729484,1.0623690456720876
2020-09-15,1.0940330383322918,1.0710482764032327
2020-09-16,1.092953997324924,1.0712090700940544
2020-09-17,1.077730764584119,1.0597616276706494
2020-09-18,1.0948152409970802,1.0739273971346412
2020-09-21,1.0854815453415312,1.0655483668436871
2020-09-22,1.0704859047425568,1.0510200314230336
2020-09-23,1.0694267104543802,1.0479028963862766
2020-09-24,1.0492811227971641,1.0294405390005255
2020-09-25,1.0488108615159963,1.0287046882082307
2020-09-28,1.0507920140917948,1.0278033449571644
2020-09-29,1.0573479725121422,1.0344833090485686
2020-09-30,1.0553285466728552,1.0310828708038673
2020-10-09,1.0687142958552613,1.0459236320407024
2020-10-12,1.0788632897067953,1.053490389178862
2020-10-13,1.0817316724647086,1.0555679179431208
2020-10-14,1.0759956167763853,1.0496910702476443
2020-10-15,1.0674200921147132,1.0431852279208473
2020-10-16,1.0680142394616203,1.0442227616605728
2020-10-19,1.069475894988101,1.0440854785800724
2020-10-20,1.06667294607666,1.0405769606246333
2020-10-21,1.0683960054408526,1.0426000056670104
2020-10-22,1.0636489201826769,1.0374563233726752
2020-10-23,1.0583754752116912,1.0344904490985865
2020-10-26,1.0489879695514726,1.0254655089508717
2020-10-27,1.0494317792525725,1.0252398083026892
2020-10-28,1.0480498468515225,1.0234987719076094
2020-10-29,1.042207759811517,1.0175233319028167
2020-10-30,1.0309852222049778,1.0061991405967092
2020-11-02,1.0338078637606283,1.0076870479542719
2020-11-03,1.0505464573022376,1.0242274081482452
2020-11-04,1.0677714260281421,1.0388846526248197
2020-11-05,1.0700809706380123,1.0387791322291786
2020-11-06,1.0612400131706148,1.031611880962169
2020-11-09,1.0737600930141722,1.043260044599455
2020-11-10,1.0646222747589775,1.0427184965333942
2020-11-11,1.062882293745337,1.0466291566947967
2020-11-12,1.0600055789243232,1.0410081180439115
2020-11-13,1.052625314168674,1.031196452626424
2020-11-16,1.0626398322126385,1.046440605063447
2020-11-17,1.061841323945249,1.0512628553402106
2020-11-18,1.0577567289161631,1.048431698152709
2020-11-19,1.0570801170681785,1.0468857104815599
2020-11-20,1.0618911369828252,1.0529124403919
2020-11-23,1.0650386771275406,1.0574675030388063
2020-11-24,1.067416568809041,1.06902857028778
2020-11-25,1.0688648088381536,1.075131230041042
2020-11-26,1.067757950541725,1.071555901273895
2020-11-27,1.0709033819734288,1.0748965275778242
2020-11-30,1.06210680508926,1.0642296973097283
2020-12-01,1.0661893070892217,1.063988443093434
2020-12-02,1.0688308732865892,1.0651785992662373
2020-12-03,1.0754207303880716,1.0753596670062642
2020-12-04,1.0772141299762092,1.0784840114985883
2020-12-07,1.0781564596602513,1.0841916695658784
2020-12-08,1.0759937502510095,1.0796677615391637
2020-12-09,1.0746003520185572,1.0803491415489648
2020-12-10,1.0689967629349166,1.0765323196595986
2020-12-11,1.0715116295360305,1.0831343611841031
2020-12-14,1.0742967189516943,1.0862420818648508
2020-12-15,1.0693223519900157,1.0763610915799102
2020-12-16,1.0780257459891804,1.0855249140545065
2020-12-17,1.083589766952564,1.0911831879707021
2020-12-18,1.081939537467345,1.0877670435289943
2020-12-21,1.0862146040767702,1.0896244395521366
2020-12-22,1.0741598094300042,1.0769365711763228
2020-12-23,1.0777965626429893,1.0806984761247895
2020-12-24,1.0834418165653392,1.0898768459001689
2020-12-25,1.0859230576222507,1.090434388317781
2020-12-28,1.0887222579572842,1.0931040536649574
2020-12-29,1.087647937065667,1.090852301440561
2020-12-30,1.0880579431055697,1.0895191602368333
2020-12-31,1.0979089336548957,1.101025667410853
2021-01-04,1.1013239058863058,1.1050156417888553
2021-01-05,1.1013546510611292,1.1036798608650351
2021-01-06,1.1104132785091752,1.1164432393867418
2021-01-07,1.1195331951423608,1.1282700117455295
2021-01-08,1.123179024941739,1.1323758839130662
2021-01-11,1.1103856027427164,1.1176065828227604
2021-01-12,1.1243064925762636,1.1343275368695271
2021-01-13,1.130312946836057,1.1453457237512885
2021-01-14,1.1238160756474014,1.1386166194077894
2021-01-15,1.1241572214765796,1.1407074129190284
2021-01-18,1.1208152009584784,1.135072645692247
2021-01-19,1.1204007018175968,1.1348519753585822
2021-01-20,1.131619334328955,1.1492990180779146
2021-01-21,1.1410763392493757,1.1543684166702044
2021-01-22,1.13466242795906,1.1450332307291
2021-01-25,1.1421429178980411,1.153297806920126
2021-01-26,1.1301402138659093,1.1398877388570883
2021-01-27,1.1333241682363957,1.1419832319627745
2021-01-28,1.1138591432197065,1.1252269200233698
2021-01-29,1.1117597929138703,1.1228658865853895
2021-02-01,1.1145377658454176,1.1245473489442288
2021-02-02,1.1267375393310246,1.135776054140493
2021-02-03,1.1269800290543472,1.1353437965772266
2021-02-04,1.1293589682508303,1.141435604119506
2021-02-05,1.1305791169348358,1.1419837927617151
2021-02-08,1.1394329460806814,1.1508945018869736
2021-02-09,1.1567161832564676,1.1708844275488872
2021-02-10,1.1605100848937373,1.1722544990329802
2021-02-18,1.1632480497863886,1.1810313575190634
2021-02-19,1.155812666923577,1.1700004383319995
2021-02-22,1.1525527054070304,1.1715635676791425
2021-02-23,1.1552501299283178,1.1774436823019798
2021-02-24,1.1417578621178692,1.1651108078730443
2021-02-25,1.1579496775597855,1.1848432159258013
2021-02-26,1.12921337217683,1.1558105223703363
2021-03-01,1.1403515090787526,1.1661134640249144
2021-03-02,1.1356755707254105,1.160821583912503
2021-03-03,1.1436068093437106,1.1691286269348515
2021-03-04,1.1259765193840716,1.153598158965766
2021-03-05,1.1263853705962994,1.1557984876533016
2021-03-08,1.1296354489732723,1.162361572875805
2021-03-09,1.1185680285437416,1.1513644940126404
2021-03-10,1.120270136630852,1.1504989927318625
2021-03-11,1.1392284171181164,1.1705728359255456
2021-03-12,1.1410659781543058,1.1724619021079281
2021-03-15,1.137737245040736,1.1701733911902554
2021-03-16,1.1410323522481152,1.171926851777058
2021-03-17,1.139292874864686,1.1694309455498872
2021-03-18,1.1433375781391373,1.1728027699016528
2021-03-19,1.1144696190765517,1.1429630845017051
2021-03-22,1.1225672788322292,1.151236556799477
2021-03-23,1.1223826590455082,1.1507488152949086
2021-03-24,1.1113499908678752,1.138486659911531
2021-03-25,1.1098342681865454,1.137981461572275
2021-03-26,1.1216678626751986,1.150090161907971
2021-03-29,1.1231104198363073,1.1516934129766752
2021-03-30,1.1230994026098486,1.1511118859717957
2021-03-31,1.1192745429821644,1.1474299285854934
2021-04-01,1.1336056344724101,1.1612841249798518
2021-04-02,1.1498848913880322,1.1787394315794468
2021-04-06,1.144179732746216,1.1710248477228733
2021-04-07,1.1436298001845984,1.1708160431315155
2021-04-08,1.1467336012421494,1.173394557140308
2021-04-09,1.1416723098972077,1.1679399103316346
2021-04-12,1.1343000439677384,1.1597106976385738
2021-04-13,1.130616430873607,1.155779575450239
2021-04-14,1.1389655046780227,1.163934124646901
2021-04-15,1.1403538998151517,1.1668863380470176
2021-04-16,1.142817383164073,1.1685904129185833
2021-04-19,1.1471154454833288,1.1718181340832106
2021-04-20,1.1423705016906158,1.1678610733954695
2021-04-21,1.1366455686138794,1.161432495169456
2021-04-22,1.1380857684238863,1.1623394363562833
2021-04-23,1.1371911384228102,1.161760018113506
2021-04-26,1.1341060337801645,1.15805965248271
2021-04-27,1.1424379613427342,1.167016712401166
2021-04-28,1.1443448553741853,1.169232260749369
2021-04-29,1.1554189768828906,1.1814629721778094
2021-04-30,1.1483602019875874,1.1744116928830148
2021-05-06,1.1483608454453529,1.1775734344138282
2021-05-07,1.1461493895316863,1.175653080869802
2021-05-10,1.153992469911807,1.1842814808258948
2021-05-11,1.1413977176275176,1.1717820167807163
2021-05-12,1.1448587446502738,1.1755010929482446
2021-05-13,1.1343742948176785,1.1650666918166843
2021-05-14,1.140450049924804,1.169391009841306
2021-05-17,1.1579337413391253,1.188488724073082
2021-05-18,1.1676089228947748,1.1997497959536005
2021-05-19,1.1579425845628128,1.1900442268544509
2021-05-20,1.1585599997522813,1.190319469753364
2021-05-21,1.1603505146105728,1.1910534706231195
2021-05-24,1.1640284605881734,1.195603426777871
2021-05-25,1.1759058509160762,1.2063203809298266
2021-05-26,1.173201013702965,1.2028326285959465
2021-05-27,1.1730101383966767,1.2031395382061219
2021-05-28,1.1743131022426538,1.20521298455846
2021-05-31,1.1753887245045562,1.2064546168845947
2021-06-01,1.180467301890469,1.2120073565777345
2021-06-02,1.1806473675869251,1.2135369186327898
2021-06-03,1.1830187287131264,1.2167460785236572
2021-06-04,1.1806067536056712,1.2144237248825918
2021-06-07,1.1849062188395192,1.2182280404004113
2021-06-08,1.1875494202327423,1.2214073521647348
2021-06-09,1.1929265544830514,1.22753699032121
2021-06-10,1.1906899495743288,1.2248284670689056
2021-06-11,1.1907476554816092,1.2242815639403806
2021-06-15,1.1912050612861402,1.22467121881049
2021-06-16,1.189637832715145,1.22425913959149
2021-06-17,1.1810935069161383,1.214780015654376
2021-06-18,1.1757069284162893,1.206883317390639
2021-06-21,1.1708954780228593,1.202093800437002
2021-06-22,1.1872995646413014,1.2204076333172686
2021-06-23,1.19538536384417,1.228164115204208
2021-06-24,1.1952960831301866,1.2280337397829504
2021-06-25,1.202865569206469,1.23570683652812
2021-06-28,1.206457209392821,1.2395785120562495
2021-06-29,1.196293335975582,1.227709733018679
2021-06-30,1.1997063849263956,1.2309231798113336
2021-07-01,1.2040255573282093,1.235994433133227
2021-07-02,1.201717140750255,1.2343967028081564
2021-07-05,1.2028526939628559,1.2347247123466771
2021-07-06,1.208432252096772,1.2408536719284349
2021-07-07,1.204309896278198,1.2354608858299598
2021-07-08,1.1928161870252034,1.223321612593482
2021-07-09,1.1952871377026368,1.2263497732109139
2021-07-12,1.2021496382921928,1.2328771420567899
2021-07-13,1.204694324991204,1.2355601960615545
2021-07-14,1.1991644467951006,1.229937898087738
2021-07-15,1.1946848641692345,1.2244773706398202
2021-07-16,1.1870115166418098,1.21713995829688
2021-07-19,1.1781096203310706,1.2076119370648606
2021-07-20,1.1748433429572103,1.2044295148277684
2021-07-21,1.177479819420858,1.2065229206635406
2021-07-22,1.1866405922240297,1.2156714444219054
2021-07-23,1.182272391841304,1.2113029447857964
2021-07-26,1.1753193904301997,1.2032138778519217
2021-07-27,1.1694647054601348,1.198047605787552
2021-07-28,1.1663498625568978,1.1955163832931803
2021-07-29,1.1764236704619224,1.2057285641341404
2021-07-30,1.167678909847416,1.1978534957439708
2021-08-02,1.175503529951503,1.2046126133018615
2021-08-03,1.1709374821388105,1.199344593808355
2021-08-04,1.1778966009067824,1.206442785590248
2021-08-05,1.1699762481967908,1.1972717780269548
2021-08-06,1.1750860682918196,1.2028552776347141
2021-08-09,1.1681670272553857,1.1953035378550472
2021-08-10,1.173654158636006,1.2009327851901512
2021-08-11,1.172777570064172,1.20085171476285
2021-08-12,1.1719433109784374,1.2002700132877941
2021-08-13,1.1713208350325923,1.199199322047164
2021-08-16,1.1698035881287492,1.196827238438953
2021-08-17,1.1625702382759393,1.1884049764756426
2021-08-18,1.1654965476429948,1.1921906807505
2021-08-19,1.1504483167276174,1.1766029222873828
2021-08-20,1.1457918919984003,1.170546739619368
2021-08-23,1.1567435810542677,1.181042908205269
2021-08-24,1.1706446871547018,1.1953061754466767
2021-08-25,1.1717907051870753,1.1968508151111394
2021-08-26,1.1683465505613086,1.193859033563538
2021-08-27,1.1719733787138624,1.1977406627402711
2021-08-30,1.1799363582385678,1.2065220415309643
2021-08-31,1.1829338387041368,1.2083308026819597
2021-09-01,1.186925413368745,1.213239995239224
2021-09-02,1.183195549340569,1.2088739584805976
2021-09-03,1.1885379481980654,1.2161805714829934
2021-09-06,1.1906318460448875,1.217271527083301
2021-09-07,1.1950863876496807,1.222074602361927
2021-09-08,1.191503441489529,1.2184324741248365
2021-09-09,1.1859573322347272,1.2125142005851135
2021-09-10,1.192427726137788,1.220371738169769
2021-09-13,1.1883586918804412,1.2165638282494389
2021-09-14,1.1887481008128786,1.218701845525547
2021-09-15,1.1824069238507326,1.2116182027804887
2021-09-16,1.186380242038863,1.2167369560576355
2021-09-17,1.187634273843842,1.2172556082995192
2021-09-22,1.177315371410384,1.2082121565481532
2021-09-23,1.1841395608060166,1.2152543813783938
2021-09-24,1.1902634048330007,1.2226719345036758
2021-09-27,1.2007667873166818,1.2344247905691779
2021-09-28,1.2042433940856847,1.2419009155235587
2021-09-29,1.1926328173540262,1.2299699446186843
2021-09-30,1.197569155785223,1.2357723281064403
2021-10-08,1.2135590991968863,1.2530743745723
2021-10-11,1.2162394506282987,1.256725136595983
2021-10-12,1.2075597640557598,1.248291018793482
2021-10-13,1.2104139012666253,1.251015807745025
2021-10-14,1.2178277704623726,1.2582559969827605
2021-10-15,1.2262100746292852,1.2660161804110972
2021-10-18,1.2171617421741845,1.2561518212285487
2021-10-19,1.224272107742169,1.2628273390089073
2021-10-20,1.222161083563074,1.2603996964300843
2021-10-21,1.2269082180557696,1.2655845321187993
2021-10-22,1.2268210457497546,1.2651931649281387
2021-10-25,1.2309590948488194,1.2699317512250632
2021-10-26,1.2404034632507857,1.27917107934891
2021-10-27,1.232231269632765,1.2705378533791856
2021-10-28,1.225322191257977,1.2630726433722688
2021-10-29,1.229629185093197,1.267405922589441
2021-11-01,1.2329331414057385,1.2694811808342414
2021-11-02,1.2398263032346337,1.2766205369625807
2021-11-03,1.23501160858679,1.2710886011378741
2021-11-04,1.2379345090927845,1.2729828580752374
2021-11-05,1.244724407268181,1.2795342743543836
2021-11-08,1.2525398525698974,1.2881701113092776
2021-11-09,1.2552261627231067,1.290910293019179
2021-11-10,1.250949583696095,1.2872555397118566
2021-11-11,1.246430582052835,1.283766345361641
2021-11-12,1.2474938954042207,1.2848492717820412
2021-11-15,1.2496199977727167,1.2860858766825796
2021-11-16,1.2513919080786804,1.2885080253145618
2021-11-17,1.2503759485621355,1.2867583956460658
2021-11-18,1.242713600626114,1.2788633812293049
2021-11-19,1.2529469262060977,1.2883108786263278
2021-11-22,1.2414053850618174,1.2759703741699087
2021-11-23,1.2317777832589665,1.2667295207070468
2021-11-24,1.2401479084613145,1.2750511955337935
2021-11-25,1.24525573335213,1.2799063418094165
2021-11-26,1.2334766905313388,1.2687895046821933
2021-11-29,1.229948854755197,1.2652318099644875
2021-11-30,1.2237365019214863,1.2584340173318396
2021-12-01,1.2236886765830637,1.2581928600028724
2021-12-02,1.209398897624896,1.2448890371610648
2021-12-03,1.2134369339273892,1.2492223800044713
2021-12-06,1.2096792120122564,1.2467835906585978
2021-12-07,1.2170395493750679,1.2533606267441342
2021-12-08,1.236211212887968,1.2715637748176116
2021-12-09,1.2385969725176866,1.2743445303348553
2021-12-10,1.2309804493695724,1.2670043761840588
2021-12-13,1.2417241026643857,1.277487240235707
2021-12-14,1.2257623848253176,1.2618590350417416
2021-12-15,1.213827086709575,1.2496176607490739
2021-12-16,1.2288878237419936,1.2635345070892068
2021-12-17,1.2147745960307423,1.2516866338730743
2021-12-20,1.1991634424002504,1.2363240114804381
2021-12-21,1.2051830239590184,1.2413674578136533
2021-12-22,1.2104671880148876,1.2465919742988698
2021-12-23,1.2198018695886836,1.2554727638956884
2021-12-24,1.2199621757061916,1.2550901226403999
2021-12-27,1.2211615190304632,1.2559060286559525
2021-12-28,1.2365499086447354,1.271258424822209
2021-12-29,1.2316497927530543,1.2660266382896337
2021-12-30,1.2295085237293801,1.2641780162445015
2021-12-31,1.2290633093441792,1.2640214606059694
2022-01-04,1.2365910862936667,1.2715468232999507
2022-01-05,1.236968934806225,1.2746152550933059
2022-01-06,1.217548771240897,1.2562293377540126
2022-01-07,1.228353262917727,1.2674241097105443
2022-01-10,1.2243782231754334,1.2639617822628895
2022-01-11,1.2202616598467586,1.2605489725779169
2022-01-12,1.2372751261743566,1.2774557879846278
2022-01-13,1.2371664915380598,1.2777059330389493
2022-01-14,1.227693537371397,1.269835520296118
2022-01-17,1.2318332257712707,1.2743684454872812
2022-01-18,1.2358826020843796,1.279405115680784
2022-01-19,1.2221459457918338,1.266519534680387
2022-01-20,1.2254014249345595,1.2698073122773723
2022-01-21,1.206423262048698,1.2519012466456754
2022-01-24,1.2009897404577212,1.2468165908405315
2022-01-25,1.1863276923808441,1.2331757796205274
2022-01-26,1.193527479281916,1.2416352787026599
2022-01-27,1.174840354636967,1.2230390064802663
2022-01-28,1.1821568925609227,1.2300096994839733
2022-02-07,1.2096753067336898,1.2565507062947798
2022-02-08,1.2067742349434234,1.2540265081090964
2022-02-09,1.20797434120246,1.2549027395974763
2022-02-10,1.2147882945916495,1.261189974867242
2022-02-11,1.2017781180272773,1.2488508893338472
2022-02-14,1.2089914293860404,1.2571648578170715
2022-02-15,1.2069636031877127,1.255649876641662
2022-02-16,1.2072282085513386,1.2549150135459655
2022-02-17,1.2090555031775538,1.2573883812274929
2022-02-18,1.2064417797801583,1.2555353482833138
2022-02-21,1.2017251435754994,1.2506958697222446
2022-02-22,1.1950289274926502,1.245714485170387
2022-02-23,1.194232806875804,1.2442741443169605
2022-02-24,1.1849749254071682,1.2374938781576326
2022-02-25,1.195049223071829,1.2458026926971506
2022-02-28,1.1982475745299557,1.248779393315191
2022-03-01,1.2165168787678682,1.2661949898851375
2022-03-02,1.2260103515686447,1.2758837665255658
2022-03-03,1.232017756141573,1.2811313624296825
2022-03-04,1.214465987352033,1.2642366864237344
2022-03-07,1.225060023783584,1.2748016043804797
2022-03-08,1.2151052199885413,1.2660007403188684
2022-03-09,1.2233320530771261,1.273807985152873
2022-03-10,1.2133376085195813,1.262966440489001
2022-03-11,1.2216862671587407,1.2714844852578597
2022-03-14,1.2039660706123592,1.253562316121122
2022-03-15,1.160203728749233,1.2092801207828265
2022-03-16,1.1905008529788614,1.238818367465257
2022-03-17,1.2059530542389758,1.2542129727336877
2022-03-18,1.2220623992326114,1.2701407147892938
2022-03-21,1.2301754239098324,1.2774573849637425
2022-03-22,1.2381459425211747,1.2852860526211465
2022-03-23,1.24131868856034,1.2878006599701086
2022-03-24,1.2444140989969907,1.291230121896832
2022-03-25,1.2519902927427564,1.297989854221235
2022-03-28,1.2573315938112917,1.3028276864052184
2022-03-29,1.2626080609713213,1.3072018812814659
2022-03-30,1.2698299041540249,1.3146640002873267
2022-03-31,1.2592946343071318,1.3042985695083045
2022-04-01,1.2597033492326435,1.3060712383134834
2022-04-06,1.2661496041530644,1.311086369892478
2022-04-07,1.2556257033861389,1.301270288253611
2022-04-08,1.2601734495056849,1.305971373846533
2022-04-11,1.2536285964259508,1.2981878761019454
2022-04-12,1.2534133973044819,1.299747508130842
2022-04-13,1.2557795532514755,1.301488552737878
2022-04-14,1.2653458167048346,1.310745151318501
2022-04-15,1.2616860613724008,1.3076837092635933
2022-04-18,1.2641505429470044,1.3096884636257466
2022-04-19,1.2713780096528997,1.3148336978200388
2022-04-20,1.2625693791180868,1.3051339329966645
2022-04-21,1.2720111811660952,1.3126762063734836
2022-04-22,1.2510452352315447,1.2952011508507681
2022-04-25,1.2127876548928882,1.2583021929801488
2022-04-26,1.221226030470054,1.2644011308521454
2022-04-27,1.218947746399562,1.2644915798838434
2022-04-28,1.2266228166856543,1.2714886158988497
2022-04-29,1.2497596646535403,1.294173919305672
2022-05-05,1.2662497674947717,1.3070612600161982
2022-05-06,1.2485998213656502,1.2889809409776303
2022-05-09,1.2473659913337276,1.2870971418232369
2022-05-10,1.2177354724661904,1.2637490627913035
2022-05-11,1.2252040475752113,1.2708090273291783
2022-05-12,1.213257818063976,1.2603662977003411
2022-05-13,1.2212944555885437,1.2674543957845374
2022-05-16,1.2267572045939545,1.2707987475640237
2022-05-17,1.2433809040491086,1.2860369353591532
2022-05-18,1.2489247831552035,1.2897074837673146
2022-05-19,1.2306599209565203,1.2741024298259684
2022-05-20,1.2356193523424923,1.280699775786601
2022-05-23,1.2369933631661807,1.2812537717482901
2022-05-24,1.2289468248150655,1.2720173140400624
2022-05-25,1.238594425816424,1.280507596989028
2022-05-26,1.2522247531232913,1.2922242428860236
2022-05-27,1.27298692474341,1.3102301046169784
2022-05-30,1.2958482077648041,1.3294469021242357
2022-05-31,1.3034693536633792,1.336624526967167
2022-06-01,1.2885208996121804,1.3254109801865943
2022-06-02,1.2880449927110038,1.325346169878766
2022-06-06,1.3041516851860853,1.33890306097046
2022-06-07,1.3028440432220918,1.3370951232479231
2022-06-08,1.3237285436171042,1.3544055937780253
2022-06-09,1.3181546324414048,1.3493024420149538
2022-06-10,1.3142264151216092,1.3465807035771593
2022-06-13,1.2893585023788272,1.325443500168368
2022-06-14,1.2777162730602798,1.3161490550842727
2022-06-15,1.2698463065991932,1.3119999599019598
2022-06-16,1.2618415322921306,1.3055019898217233
2022-06-17,1.2442549445844402,1.2955805333337589
2022-06-20,1.2230487055279853,1.281651310145759
2022-06-21,1.2374797307014211,1.2921970023251812
2022-06-22,1.2243452706032423,1.2813129288852687
2022-06-23,1.2299495887073928,1.288893864449689
2022-06-24,1.217014299162936,1.2815953832209317
2022-06-27,1.2280289870060626,1.2924674879333165
2022-06-28,1.239230062801476,1.300366715770682
2022-06-29,1.2297071038578467,1.2897782091531926
2022-06-30,1.21736568452812,1.2822864439354706
2022-07-01,1.2026406172205806,1.2691045945597008
2022-07-04,1.2109344705002618,1.2768339938743183
2022-07-05,1.2161356495981077,1.2816369192947228
2022-07-06,1.1925802612100271,1.2600575358206756
2022-07-07,1.1882272748433518,1.2564163585491162
2022-07-08,1.201506420194158,1.2677020623705153
2022-07-11,1.1912810946092076,1.2575639496578508
2022-07-12,1.183916150676927,1.2501310040418956
2022-07-13,1.183658069942975,1.249990783028904
2022-07-14,1.181154000211254,1.2474320811662976
2022-07-15,1.178063055823661,1.2440687127851409
2022-07-18,1.200249666995091,1.2647745941926787
2022-07-19,1.1968395950597581,1.2606755282783715
2022-07-20,1.2141688102542165,1.277092677289927
2022-07-21,1.2186774976574912,1.2800311921747183
2022-07-22,1.222405127351753,1.2845140966919617
2022-07-25,1.2051980807762237,1.2692522163797975
2022-07-26,1.2259925012427926,1.2869911661450313
2022-07-27,1.2213701724005908,1.2825969065722997
2022-07-28,1.2390417315731779,1.2990260741304442
2022-07-29,1.2480159066165004,1.3081807777594123
2022-08-01,1.2555435380130278,1.314517214788414
2022-08-02,1.2516809881740092,1.3106377273637795
2022-08-03,1.2495147957551338,1.307558666668558
2022-08-04,1.2508334442733058,1.3106168587934737
2022-08-05,1.245104823962305,1.308201866252131
2022-08-08,1.2524737434082036,1.3131993032415494
2022-08-09,1.2476409871237926,1.3094720577812113
2022-08-10,1.2448707400089631,1.3058506248071906
2022-08-11,1.2650222394600228,1.3250139907157146
2022-08-12,1.275016722240629,1.3330168329178425
2022-08-15,1.2797900547881067,1.337823515996737
2022-08-16,1.278443282416571,1.337100760713919
2022-08-17,1.2849030706989637,1.3426873930487435
2022-08-18,1.282012844741254,1.3385921713814772
2022-08-19,1.2905144576066976,1.3448891408483534
2022-08-22,1.283536357850653,1.3389702958193364
2022-08-23,1.2877442200361005,1.3413833623519735
2022-08-24,1.2930206664343111,1.3445498276775343
2022-08-25,1.3057607010109007,1.3562869232052264
2022-08-26,1.304054742197881,1.3550051978540063
2022-08-29,1.290357991825116,1.341089963418846
2022-08-30,1.297630258642897,1.3473396829334248
2022-08-31,1.2733752251055845,1.3270158089332804
2022-09-01,1.2659916242274085,1.3183167668836813
2022-09-02,1.2652228958201592,1.317805058862055
2022-09-05,1.278959558791714,1.328501790127174
2022-09-06,1.2833047473195205,1.3334320295704654
2022-09-07,1.264886011342003,1.3186582239207403
2022-09-08,1.263719819548559,1.3193502491082763
2022-09-09,1.2709243406917037,1.326277824220611
2022-09-13,1.289473309294673,1.3422444424307372
2022-09-14,1.2632080695791301,1.317576326987179
2022-09-15,1.271226240897859,1.3222337217619815
2022-09-16,1.2526030371782255,1.3041816235525852
2022-09-19,1.2379820890851274,1.2933187587633865
2022-09-20,1.2490653640088192,1.3031711591542265
2022-09-21,1.2488006902798845,1.3019387868140733
2022-09-22,1.2333227545702785,1.2883151249819909
2022-09-23,1.2244111808462157,1.28146433382142
2022-09-26,1.1904196017161035,1.2534527251168819
2022-09-27,1.1990993235551783,1.2626376311910956
2022-09-28,1.1902367683543391,1.2538163266129325
2022-09-29,1.2121559968935813,1.2716625698168353
2022-09-30,1.2076335378268896,1.2661957954600456
2022-10-10,1.2320174419126786,1.2823683632896774
2022-10-11,1.2341041529063195,1.2838614205355425
2022-10-12,1.241597078857563,1.2918689697046095
2022-10-13,1.2387264912903762,1.2884096749041873
2022-10-14,1.2648766842894252,1.312761338104128
2022-10-17,1.2441208293688883,1.2947136821038083
2022-10-18,1.2616739117734126,1.3106119803831064
2022-10-19,1.2545296364390912,1.3031228236430317
2022-10-20,1.2620723072403746,1.3076117639426474
2022-10-21,1.2528695253490685,1.299631398584475
2022-10-24,1.2630576102570377,1.3076720795541303
2022-10-25,1.2754324966609463,1.3180529002433559
2022-10-26,1.2728592717979794,1.316311682741506
2022-10-27,1.2780150168370155,1.3191955332936658
2022-10-28,1.2618329303646023,1.302606389920695
2022-10-31,1.2690737404214605,1.3097026479958207
2022-11-01,1.291544685283273,1.3305895236686716
2022-11-02,1.2938058492552316,1.3322800341707486
2022-11-03,1.2743735006557841,1.3152000862649915
2022-11-04,1.2943079885470425,1.3337231483100607
2022-11-07,1.2948204890031778,1.3349702213621664
2022-11-08,1.3080444530308115,1.3433314557088178
2022-11-09,1.3125985131207178,1.3481135430195716
2022-11-10,1.2814014731676395,1.3245064641192386
2022-11-11,1.3152389643641365,1.3564504754899525
2022-11-14,1.3105913773214501,1.3513639131535378
2022-11-15,1.3140262103529614,1.3578249419962511
2022-11-16,1.3197219126914341,1.3615461497364603
2022-11-17,1.3091006081780563,1.3534349901907579
2022-11-18,1.308026885611736,1.3516573028199204
2022-11-21,1.2995744816726966,1.344073704565862
2022-11-22,1.296681545957956,1.341272261865524
2022-11-23,1.312422535463223,1.353238843913255
2022-11-24,1.3109210910520188,1.3530702731358837
2022-11-25,1.3153126874496415,1.3572083868202853
2022-11-28,1.3002414572295138,1.3439913233178433
2022-11-29,1.3055975779619982,1.3514215464502404
2022-11-30,1.300459062715561,1.3469503110002345
2022-12-01,1.311070159838227,1.3590138163662584
2022-12-02,1.3025340534076562,1.3525426970845398
2022-12-05,1.2950422584839933,1.3478184498412489
2022-12-06,1.2801860745660594,1.3361398385153138
2022-12-07,1.2645486050697259,1.3240413004536578
2022-12-08,1.2689760858327357,1.3275455760926196
2022-12-09,1.2638512013432506,1.3256638576695603
2022-12-12,1.2543001930812294,1.316757201779008
2022-12-13,1.2671576201320383,1.3263276168936926
2022-12-14,1.264762030860406,1.3275072899755833
2022-12-15,1.2512371572930157,1.316061743978635
2022-12-16,1.2483306918259225,1.3115964637510034
2022-12-19,1.2445025593120835,1.307562589494632
2022-12-20,1.2302931153437717,1.2945280117124573
2022-12-21,1.2412396745876566,1.303620347002039
2022-12-22,1.2510606465232772,1.3108251157445268
2022-12-23,1.234902478626978,1.2975173330298106
2022-12-26,1.2460632090524815,1.3056076844340647
2022-12-27,1.2537770613087837,1.3134530451482023
2022-12-28,1.2498703411794474,1.3096122072395577
2022-12-29,1.2342105836743222,1.2980237215728534
2022-12-30,1.2434690524968506,1.3062380006999128
2023-01-03,1.2466589257925262,1.3096110448426757
2023-01-04,1.2344431165070167,1.3008950577860483
2023-01-05,1.2397574120572776,1.30708798400889
2023-01-06,1.2399332873033377,1.3062996865752758
2023-01-09,1.2453618578378474,1.3129606555063404
2023-01-10,1.239811182647335,1.308493283959267
2023-01-11,1.2428118755451787,1.3113691513243912
2023-01-12,1.2472239665336011,1.315515932695328
2023-01-13,1.2552350383190016,1.3232315089146358
2023-01-16,1.2585853970625145,1.327986700840907
2023-01-17,1.2613777820569478,1.3307828048900585
2023-01-18,1.2669185208303448,1.3345397281092277
2023-01-19,1.2579264481892631,1.3278528320057903
2023-01-20,1.2720201492307797,1.3403661352730525
2023-01-30,1.2843138687435252,1.3529565651245175
2023-01-31,1.2698659966092214,1.3390381522199857
2023-02-01,1.2808449870261238,1.350041641786096
2023-02-02,1.28373483980854,1.3540111815130293
2023-02-03,1.2765420936778793,1.346978446941134
2023-02-06,1.2683920070507804,1.3377059035687169
2023-02-07,1.2687616075542756,1.3381846724295632
2023-02-08,1.2782572739644755,1.346461205824711
2023-02-09,1.2772933678681075,1.346527748401189
2023-02-10,1.265758391786309,1.3354365506108137
2023-02-13,1.2777854583908608,1.345977949861296
2023-02-14,1.282743579810672,1.3509821691227342
2023-02-15,1.2807036269584327,1.3486042023202025
2023-02-16,1.2858685347105707,1.353244916239382
2023-02-17,1.2684077977025314,1.3360190001553196
2023-02-20,1.2697093124824936,1.34022787052324
2023-02-21,1.267521935381012,1.3383649363838739
2023-02-22,1.2593788688135759,1.3299784348429262
2023-02-23,1.2629444990528003,1.3331375447178506
2023-02-24,1.2646243380598579,1.3339561754656948
2023-02-27,1.2631377265332968,1.331525617574398
2023-02-28,1.2690384899635585,1.3370863850192336
2023-03-01,1.2675431622381848,1.3373132468835818
2023-03-02,1.2658821398888043,1.3349677616129627
2023-03-03,1.2759794420889192,1.3440445365676281
2023-03-06,1.2890895541701766,1.3557731588544968
2023-03-07,1.2850492950199728,1.3513797442615487
2023-03-08,1.274967861951178,1.3417253985441862
2023-03-09,1.270876606082913,1.3386031304728416
2023-03-10,1.2549364540407322,1.3239408879287902
2023-03-13,1.263086209949583,1.3324402769128691
2023-03-14,1.2508360743662308,1.3224639792798223
2023-03-15,1.2590261175983628,1.330017545071861
2023-03-16,1.2465275534404283,1.320184056217199
2023-03-17,1.2536694270512792,1.3283729821473063
2023-03-20,1.2467687075796654,1.3243683301711746
2023-03-21,1.2511184935605206,1.3286508336032858
2023-03-22,1.2600573149435785,1.3357000653813287
2023-03-23,1.2554577484588576,1.3329441251759149
2023-03-24,1.256640636908441,1.3346560384836472
2023-03-27,1.2592611278779153,1.3361214548547182
2023-03-28,1.2606537976929684,1.3361262704115493
2023-03-29,1.265959847655771,1.3405636780285124
2023-03-30,1.2732034844112756,1.3482481401365276
2023-03-31,1.2772263027831199,1.35268755501006
2023-04-03,1.2934283520340086,1.36669584834189
2023-04-04,1.302830193745215,1.3758335301918678
2023-04-06,1.2951473600283265,1.3693066177929538
2023-04-07,1.2956169816194412,1.3707135974064741
2023-04-10,1.2928336153673603,1.3673828064739886
2023-04-11,1.303625812871544,1.3767521179820406
2023-04-12,1.306011266431366,1.3788123808219577
2023-04-13,1.3007201882242516,1.3735698322802579
2023-04-14,1.3058619936766742,1.3789550294570065
2023-04-17,1.3086014989917405,1.382324997414004
2023-04-18,1.3025755374656245,1.377214072401252
2023-04-19,1.2970354595500786,1.3716187279177174
2023-04-20,1.292479790263046,1.367530838811812
2023-04-21,1.2835664117447967,1.3578737620432602
2023-04-24,1.2754131358630798,1.3495724473235997
2023-04-25,1.2855251105212244,1.3581336653684992
2023-04-26,1.2795314769306079,1.352892471259869
2023-04-27,1.2752219845689166,1.3504219527450958
2023-04-28,1.284160909355053,1.359153835002262
2023-05-04,1.2788526617236817,1.355887009043352
2023-05-05,1.2780338363334667,1.35515064278107
2023-05-08,1.2856105193507843,1.3624718475534396
2023-05-09,1.280092897369732,1.3571041900400584
2023-05-10,1.2786059696381773,1.3554693893024399
2023-05-11,1.2826055275955257,1.3591927895549512
2023-05-12,1.2740914833433064,1.3504543706294112
2023-05-15,1.281657442953857,1.3586067301921902
2023-05-16,1.2866637660869231,1.3622715854324192
2023-05-17,1.280361249091192,1.3562803199417532
2023-05-18,1.2897403663065914,1.3645305793369693
2023-05-19,1.3037372382825752,1.3767741140105247
2023-05-22,1.298831036826777,1.3732795638765791
2023-05-23,1.3071885032980328,1.3791447218544484
2023-05-24,1.3039762409458409,1.3748272118906386
2023-05-25,1.3076665357126345,1.3779240115726261
2023-05-26,1.2976422527280453,1.3693884471941347
2023-05-29,1.3101811565712176,1.3808584269396333
2023-05-30,1.3091993825383248,1.3801236044769747
2023-05-31,1.302840648838973,1.374644999733129
2023-06-01,1.3039086795008226,1.3758440163211092
2023-06-02,1.313978587069264,1.3861385771163979
2023-06-05,1.3239442980254812,1.3938557451722522
2023-06-06,1.3161771979213028,1.3864042504259633
2023-06-07,1.3224042669935945,1.3916505258831249
2023-06-08,1.3268043725243572,1.3961709556693294
2023-06-09,1.3342134088025233,1.403503118157212
2023-06-12,1.3345386296024122,1.4039368832411845
2023-06-13,1.346321880275388,1.415177681826592
2023-06-14,1.3477333102853999,1.4161934115676118
2023-06-15,1.3441256375402086,1.4142572178429824
2023-06-16,1.3544504353650233,1.4244620555925338
2023-06-19,1.3526685628756074,1.4221714963602778
2023-06-20,1.3515546141703727,1.4211071487902909
2023-06-21,1.346092540879003,1.4146442273631927
2023-06-26,1.341110676826597,1.4091021030273334
2023-06-27,1.339851492916722,1.4086957388908419
2023-06-28,1.3446947575322417,1.4129586859901313
2023-06-29,1.3498972777663032,1.417039253339264
2023-06-30,1.3578442792636218,1.4248190875262017
2023-07-03,1.3687309006767727,1.4355147484346185
2023-07-04,1.36657930577703,1.434015878168314
2023-07-05,1.3689797479126007,1.4353372261919852
2023-07-06,1.3644332157503827,1.4306895522758534
2023-07-07,1.3532630625147326,1.420987188082403
2023-07-10,1.3576227873948559,1.4252404910186374
2023-07-11,1.366874646802866,1.4338232503238801
2023-07-12,1.3713829672984925,1.4369056736614663
2023-07-13,1.3821481579696642,1.4484625211463935
2023-07-14,1.380349270379994,1.4465773227349668
2023-07-17,1.372304922252257,1.4394165729267938
2023-07-18,1.3790898643706837,1.4452042965673733
2023-07-19,1.4006927732843417,1.4639611774141965
2023-07-20,1.392217125503391,1.45595010279597
2023-07-21,1.3929468132247926,1.4563779101048968
2023-07-24,1.3927329420812582,1.4555234644678356
2023-07-25,1.4001344082506,1.4645693350719382
2023-07-26,1.3983770489512275,1.4631693389492118
2023-07-27,1.4068393254318532,1.4703178983119205
2023-07-28,1.4028670318020549,1.4692559110147791
2023-07-31,1.4142271724667534,1.4792091681012591
2023-08-01,1.4234888057703965,1.4864745180421688
2023-08-02,1.4175220616750885,1.4805849888246867
2023-08-03,1.4027282900755949,1.4694194222105834
2023-08-04,1.4168450385345666,1.4813998917905744
2023-08-07,1.4176779783570286,1.4811763769645063
2023-08-08,1.4144244036490008,1.4782267309524084
2023-08-09,1.42231432039294,1.4842055719131122
2023-08-10,1.426269895349441,1.487059500699008
2023-08-11,1.4186150734122978,1.4783149931137745
2023-08-14,1.4179873494048396,1.4770412215707311
2023-08-15,1.4267770682679302,1.484602777651841
2023-08-16,1.409662264225219,1.469965490790405
2023-08-17,1.4080247383940037,1.468871376191584
2023-08-18,1.4064262236311798,1.4656436022825134
2023-08-21,1.4122551616543944,1.469089015049476
2023-08-22,1.414063295507487,1.4712733320334956
2023-08-23,1.4081480812737783,1.4651885758132082
2023-08-24,1.4143756005358739,1.4714473669330241
2023-08-25,1.3987200638887685,1.4578802277572755
2023-08-28,1.411865755890454,1.470115202384529
2023-08-29,1.4133256753194376,1.4721482094035712
2023-08-30,1.427824985308293,1.4844705885733178
2023-08-31,1.4299495277938887,1.4859674374547187
2023-09-01,1.4307519323028797,1.4872042025396723
2023-09-04,1.4438108055154644,1.4994377193238906
2023-09-05,1.4433905602703871,1.4981608402421551
2023-09-06,1.4426732956461876,1.4971209352532238
2023-09-07,1.4354389780580457,1.4891514286989989
2023-09-08,1.4410446043808762,1.4935236173015678
2023-09-11,1.4456823255750282,1.4981036029371286
2023-09-12,1.4360391884336412,1.490918197149712
2023-09-13,1.4437790265140047,1.4957273275548681
2023-09-14,1.446831105877163,1.49895307133216
2023-09-15,1.4441345476488001,1.4954148126447087
2023-09-18,1.4327150815910543,1.4861805794912302
2023-09-19,1.42838120401078,1.4834432275922536
2023-09-20,1.4195790219959652,1.4768599279992618
2023-09-21,1.4038672491770747,1.4628688827251732
2023-09-22,1.4087876705064835,1.4687079735269983
2023-09-25,1.4076800138092898,1.4672311363344746
2023-09-26,1.4053572623813144,1.4641830252329973
2023-09-27,1.4040339566118343,1.4617280895758824
2023-09-28,1.4121585797380125,1.4661910714298627
2023-10-09,1.3979509576568723,1.455647698347894
2023-10-10,1.399138268629423,1.4546948556515524
2023-10-11,1.4036577414633347,1.4585542320095959
2023-10-12,1.406235393284736,1.4631809763587715
2023-10-13,1.4070904493290817,1.4625203201762709
2023-10-16,1.4135531871677802,1.4661794182774495
2023-10-17,1.4186767660425303,1.471167191561629
2023-10-18,1.4269702619703337,1.4767440145374993
2023-10-19,1.4188281832387275,1.467304787385657
2023-10-20,1.41867865593625,1.4670396671403838
2023-10-23,1.400702287394615,1.4516555626569403
2023-10-24,1.3988207726142448,1.4508417258440716
2023-10-25,1.3943849707079394,1.4480050883492783
2023-10-26,1.3860995662830145,1.4418829035623926
2023-10-27,1.397284762466311,1.4525598878943895
2023-10-30,1.3908588141800136,1.4490729115071364
2023-10-31,1.3908668578494263,1.448994232307267
2023-11-01,1.3968611004455995,1.4537726815006888
2023-11-02,1.4050114811659173,1.4604041664147107
2023-11-03,1.4159806238540527,1.4700836563750672
2023-11-06,1.4158226132955625,1.4720358009102321
2023-11-07,1.4032704660646118,1.4618242449521075
2023-11-08,1.3984468126043559,1.4578654995869231
2023-11-09,1.3926799373169512,1.4534293968969705
2023-11-10,1.389404706868441,1.449974578142617
2023-11-13,1.3953929027604355,1.4551547807954617
2023-11-14,1.4021654111372301,1.4607616094136109
2023-11-15,1.4141207998571095,1.471982543334794
2023-11-16,1.4069098196575647,1.4645980603765996
2023-11-17,1.3993292138764004,1.4590388681742985
2023-11-20,1.3981691706531891,1.456957389297096
2023-11-21,1.3985786729873402,1.4578706970214443
2023-11-22,1.3909401755168254,1.449715524326288
2023-11-23,1.3922652535646576,1.4515351455265475
2023-11-24,1.3926836650288057,1.4510116084933218
2023-11-27,1.3923794845953017,1.4503597129571308
2023-11-28,1.3943180492873255,1.452354524196488
2023-11-29,1.3927754392264071,1.4505902103503114
2023-11-30,1.3931924128348272,1.4510782532096511
2023-12-01,1.3935363384070114,1.4508313387804415
2023-12-04,1.3940486364148512,1.4510378583062107
2023-12-05,1.3805202219160764,1.4364385662042163
2023-12-06,1.3797382654823926,1.4360637424252527
2023-12-07,1.3679789560137463,1.4264024643567126
2023-12-08,1.3775046773570268,1.4345481419460455
2023-12-11,1.3825653053519753,1.4392303831432378
2023-12-12,1.3852318184552108,1.4414674342920528
2023-12-13,1.3753556745354847,1.4312684507608535
2023-12-14,1.3897323398826187,1.4431325699575512
2023-12-15,1.397354999362266,1.4488314966962326
2023-12-18,1.4021750571529257,1.452014551203334
2023-12-19,1.4037305942297145,1.4535721539159696
2023-12-20,1.4118640984603443,1.4589744105151088
2023-12-21,1.4057143900693476,1.4553220388732893
2023-12-22,1.4152966712522255,1.4637447412556592
2023-12-25,1.4147134612883432,1.463861867307359
2023-12-26,1.4180892978898922,1.46606613141475
2023-12-27,1.4266410183154514,1.4736366995033157
2023-12-28,1.4244392990234456,1.475469991703018
2023-12-29,1.4165874993031586,1.4694861278284592
2024-01-02,1.4195659018961253,1.47007099352365
2024-01-03,1.408104529858096,1.460468043662111
2024-01-04,1.4114825452692472,1.4618016993477496
2024-01-05,1.4010812773861034,1.45308881295893
2024-01-08,1.3914704285711665,1.4430687563434859
2024-01-09,1.4011122514833816,1.4509924475687896
2024-01-10,1.3982385982933216,1.447694377952662
2024-01-11,1.4026029107130213,1.4519765174070283
2024-01-12,1.4040590418366778,1.4528834602034064
2024-01-15,1.4078563109014368,1.4560960678792807
2024-01-16,1.4048589366708701,1.454699590738177
2024-01-17,1.3870393082946573,1.4365096843433653
2024-01-18,1.3894391616839177,1.4402462591535035
2024-01-19,1.39804172117145,1.4479396655689627
2024-01-22,1.4028306982567245,1.4482756908596746
2024-01-23,1.4058381897673395,1.4517577493127054
2024-01-24,1.4106759559700879,1.4577380367245227
2024-01-25,1.4128635311297146,1.4618423007989416
2024-01-26,1.4161495179259245,1.4646558639518452
2024-01-29,1.4229814749378975,1.4689196427811213
2024-01-30,1.4256829979749175,1.468985692767915
2024-01-31,1.4212220945996052,1.4647436857318739
2024-02-01,1.4087734768532396,1.45485554285496
2024-02-02,1.4159770230038884,1.4588071216052587
2024-02-05,1.4135894905551827,1.4573603151966423
2024-02-06,1.4180944436515923,1.4657297878026492
2024-02-07,1.418254358037689,1.4675790331909317
2024-02-08,1.4362392874725758,1.4831591176369967
2024-02-19,1.4416143465663498,1.4886300463418762
2024-02-20,1.4425371949120671,1.490004537934577
2024-02-21,1.4355296436785498,1.4870945878814126
2024-02-22,1.4542598657956458,1.5030882308470712
2024-02-23,1.4589218857609119,1.5067061056354925
2024-02-26,1.4524305655364154,1.500296877801133
2024-02-27,1.455632644641771,1.5048916774683934
2024-02-28,1.4575771407100735,1.50461843992429
2024-02-29,1.4549215097498964,1.5054269050924283
2024-03-01,1.4696721931925125,1.5184426708716692
2024-03-04,1.483865831498987,1.5304464543416083
2024-03-05,1.4802526308417903,1.5300640704369903
2024-03-06,1.4813375875469161,1.531159137790036
2024-03-07,1.4799386703992665,1.5304741620507252
2024-03-08,1.4912891209566026,1.5395888149836972
2024-03-11,1.4865692458979634,1.5384862576909522
2024-03-12,1.4903688474164654,1.5412455973798342
2024-03-13,1.4935888318934705,1.542592900474069
2024-03-14,1.4976707268854046,1.5454859922881163
2024-03-15,1.5014776045657523,1.549555314866712
2024-03-18,1.5024215174186744,1.5511472049071933
2024-03-19,1.497419852647257,1.5464687868325748
2024-03-20,1.5025840228447023,1.5508372672956894
2024-03-21,1.5188369461126572,1.5651469228491388
2024-03-22,1.5210456222228468,1.5650382178025164
2024-03-25,1.5207748817352407,1.564162697912914
2024-03-26,1.5255272400468654,1.568522935738072
2024-03-27,1.5181127782847181,1.561268250090656
2024-03-28,1.527145598221392,1.570028543733859
2024-03-29,1.5440360888228892,1.58620367637271
2024-04-01,1.5595671877167774,1.6013811326340344
2024-04-02,1.5551194763817793,1.5975097129519402
2024-04-03,1.559741609795223,1.6016153606944064
2024-04-08,1.563092049074942,1.604937970010729
2024-04-09,1.562073106527269,1.6042590485034933
2024-04-10,1.562943906981552,1.6039477942367812
2024-04-11,1.560635755198604,1.6013511960601083
2024-04-12,1.5749207991145429,1.61364363239269
2024-04-15,1.560555769322952,1.6049589035749028
2024-04-16,1.5380970194571955,1.5867200090234475
2024-04-17,1.5397785081058615,1.5905263739661415
2024-04-18,1.5359619783312697,1.5877775050519194
2024-04-19,1.5318897458037277,1.5837125942503891
2024-04-22,1.5175049692442817,1.5707140001107818
2024-04-23,1.5154538444895111,1.5658601117987372
2024-04-24,1.5334400592256874,1.580836767053568
2024-04-25,1.5276893540299663,1.5770389061973988
2024-04-26,1.5439688255200104,1.592440128907409
2024-04-29,1.5412685682849514,1.5914197396409724
2024-04-30,1.543244653668855,1.5922788372142627
2024-05-06,1.5311253332311554,1.5852495494264953
2024-05-07,1.53732210110482,1.5905900095872223
2024-05-08,1.5355858735845187,1.5877771619178773
2024-05-09,1.5375511546931935,1.5906813972233216
2024-05-10,1.550235649171988,1.6022853081848287
2024-05-13,1.5417147332402381,1.595346882669936
2024-05-14,1.5400858171147136,1.5937680577675253
2024-05-15,1.5478411188494043,1.5991101934427692
2024-05-16,1.5592135262192977,1.6092340763241855
2024-05-17,1.5582312085205918,1.6103496028954487
2024-05-20,1.5752515506448246,1.625940667406604
2024-05-21,1.5686993480399114,1.6193036968899035
2024-05-22,1.5689778705205373,1.620180938695451
2024-05-23,1.5586034366162322,1.6087666923788186
2024-05-24,1.543208547564983,1.5940766795120247
2024-05-27,1.5541620729544026,1.6043171883531029
2024-05-28,1.557147606260147,1.6055460939588344
2024-05-29,1.5619725566800207,1.6098423970514228
2024-05-30,1.5448257979669426,1.5951768041006158
2024-05-31,1.5456986393832495,1.5954636346456308
2024-06-03,1.5486553055243384,1.5975709449800086
2024-06-04,1.540563321120509,1.592976530842779
2024-06-05,1.5405938107529389,1.5920243368638745
2024-06-06,1.5547349200142442,1.6039164378975266
2024-06-07,1.5540009427542867,1.6022780600088478
2024-06-11,1.5477772417512077,1.5941099095153861
2024-06-12,1.5567335646642724,1.6012895783886498
2024-06-13,1.5585394705749245,1.601832369085789
2024-06-14,1.5550453742430907,1.6000489107979416
2024-06-17,1.5501572615009416,1.5957433372836234
2024-06-18,1.5584051880519705,1.6027556184959735
2024-06-19,1.5602848193945635,1.6040426363374842
2024-06-20,1.5646254913393722,1.6069804701530133
2024-06-21,1.563260746003636,1.6060866180874154
2024-06-24,1.5511991535649563,1.5947178560795623
2024-06-25,1.553550546640412,1.5959546571903693
2024-06-26,1.5642088188416274,1.604908295197276
2024-06-27,1.557068041615774,1.5980807722709394
2024-06-28,1.5709121788027471,1.6100403763704285
2024-07-01,1.5717247152068172,1.6112812806390224
2024-07-02,1.5723975497218143,1.6117527146626582
2024-07-03,1.5827982806021057,1.619658567550971
2024-07-04,1.5910206232420248,1.6255714902099045
2024-07-05,1.5987256147707418,1.6304669417148576
2024-07-08,1.5912154738424613,1.6220659722244615
2024-07-09,1.5970365336496957,1.628033485658352
2024-07-10,1.5878161991185153,1.6212732219302708
2024-07-11,1.5974046338338568,1.6314368265014372
2024-07-12,1.5866799609097035,1.6258044992103544
2024-07-15,1.6023729436821408,1.6373877119402191
2024-07-16,1.609383620934598,1.6452600207556067
2024-07-17,1.6105564712206082,1.6478538543692576
2024-07-18,1.6059669047479672,1.646011059293294
2024-07-19,1.5843153513652626,1.6285355822916876
2024-07-22,1.5767187751630993,1.621364200603091
2024-07-23,1.5755925738776173,1.6162575676517579
2024-07-24,1.5643828745698427,1.6078320319303758
2024-07-25,1.5381684320072981,1.5851056027001835
2024-07-26,1.5458764565685537,1.5924496141169986
2024-07-29,1.5605038457904026,1.6028958065902845
2024-07-30,1.547723471760431,1.5919538149587873
2024-07-31,1.5653743176662356,1.6105854874248402
2024-08-01,1.5766042217848832,1.6182887996184492
2024-08-02,1.5427770661110072,1.5910147574319542
2024-08-05,1.4766197603243982,1.5363166039243121
2024-08-06,1.4873808302606486,1.5432829655556421
2024-08-07,1.4894416318467423,1.545019362660368
2024-08-08,1.4835786196268888,1.5408204528214433
2024-08-09,1.5062644536304406,1.5581985072044378
2024-08-12,1.5135374586068477,1.5633884282778687
2024-08-13,1.5258463429792075,1.5741499322389008
2024-08-14,1.5308551625197855,1.5760363102635955
2024-08-15,1.5350766011918635,1.5808664163091897
2024-08-16,1.5565571669484626,1.597391642987486
2024-08-19,1.5484600583623762,1.5926201548375793
2024-08-20,1.5585399436385758,1.5993641310738642
2024-08-21,1.552458353223312,1.5936813684606375
2024-08-22,1.5503023007563008,1.5915194452105101
2024-08-23,1.5478512910097295,1.5905962037980483
2024-08-26,1.5566754711140003,1.5981913814027402
2024-08-27,1.5527668776549124,1.5945291626048146
2024-08-28,1.5456312191370107,1.5876347324652802
2024-08-29,1.5331447095602861,1.5778667043106698
2024-08-30,1.5425617334179726,1.587390731538405
2024-09-02,1.5389631543082811,1.5809341234865697
2024-09-03,1.5440112045360888,1.5859887441287874
2024-09-04,1.502549267735402,1.5522970330015933
2024-09-05,1.5041761698549894,1.5542164895549122
2024-09-06,1.5064344666073164,1.5544215536004111
2024-09-09,1.4952328910402888,1.5429300247220403
2024-09-10,1.4939477753759096,1.5420232495706994
2024-09-11,1.4955215081851265,1.5430420148124147
2024-09-12,1.5099550010168798,1.5528151268090535
2024-09-13,1.5176073454028616,1.5587654252808563
2024-09-18,1.522916482928893,1.5642460565585505
2024-09-19,1.5327733977282196,1.5731467010405835
2024-09-20,1.5370969295913954,1.5776824812434476
2024-09-23,1.543768134344269,1.5839413349561606
2024-09-24,1.5500536930672741,1.5965439581333922
2024-09-25,1.5473191783440012,1.5975548731494444
2024-09-26,1.554174808499184,1.6110359861070247
2024-09-27,1.5451027907399946,1.6150839493628406
2024-09-30,1.5716540502439111,1.6556051799467
2024-10-08,1.6011871093021743,1.689197474593571
2024-10-09,1.5744010952600465,1.651038303402951
2024-10-10,1.5887205357170355,1.6659050287781754
2024-10-11,1.5900127532456136,1.6639795250826204
2024-10-14,1.6000017438556808,1.6753341661458132
2024-10-15,1.595946033196538,1.6665759063439307
2024-10-16,1.5886609652950219,1.6600762349798055
2024-10-17,1.5941852649235733,1.6637213891771712
2024-10-18,1.6043122680071673,1.6782886367722822
2024-10-21,1.6078943702045987,1.681685328678087
2024-10-22,1.6061270456174785,1.6806685136381763
2024-10-23,1.6122305591787938,1.6865043531554689
2024-10-24,1.5995534632743167,1.6740508069780702
2024-10-25,1.6040279667957908,1.6787956154188384
2024-10-28,1.607183997947477,1.6809780361196394
2024-10-29,1.606358577354637,1.6795981720560222
2024-10-30,1.611407599781943,1.6825019891064605
2024-10-31,1.6024450630579388,1.6753747725299786
2024-11-01,1.5934123767408206,1.6684108816299683
2024-11-04,1.5919363868853849,1.6689438060356192
2024-11-05,1.5982056914480918,1.6789277460369112
2024-11-06,1.6221815393083725,1.6975767851780563
2024-11-07,1.6412066351920256,1.719319504281711
2024-11-08,1.6394445120610373,1.7149002208715154
2024-11-11,1.648638074330353,1.723818143147156
2024-11-12,1.6481873271223162,1.7219215281806965
2024-11-13,1.643179963875098,1.7186805109341066
2024-11-14,1.6356966131328705,1.7090983155106143
2024-11-15,1.6280760596609773,1.7006952442508698
2024-11-18,1.6276443237428755,1.7002104411094923
2024-11-19,1.643382210220136,1.715365663425057
2024-11-20,1.6463332757229272,1.7175271511258456
2024-11-21,1.6546465459817923,1.7262497831734753
2024-11-22,1.6593905347886801,1.7257024901615257
2024-11-25,1.6633252436412076,1.727926863774348
2024-11-26,1.6493718211452775,1.7144883354108356
2024-11-27,1.6565818116099469,1.7232239268725098
2024-11-28,1.649722719260641,1.7163795339625056
2024-11-29,1.6565500161869036,1.724309260279652
2024-12-02,1.6590198795827047,1.7273338961646751
2024-12-03,1.6674440101952224,1.7339356543296243
2024-12-04,1.6686081826481647,1.7338839171667355
2024-12-05,1.660366139501309,1.725719502999254
2024-12-06,1.656987628260667,1.724839162901374
2024-12-09,1.6644124477596554,1.7302503372533695
2024-12-10,1.6666358924864535,1.7346631724891979
2024-12-11,1.6673829691364823,1.7354074537503767
2024-12-12,1.6835757307196282,1.750679129202565
2024-12-13,1.6757153950341115,1.739424817805615
2024-12-16,1.6742331680815634,1.735993421418279
2024-12-17,1.672546486491444,1.734069466163304
2024-12-18,1.6753591175956295,1.736671741405771
2024-12-19,1.6511160025345912,1.7174031775495364
2024-12-20,1.6395147258280387,1.7087207145976115
2024-12-23,1.673669158397103,1.736644356854284
2024-12-24,1.6685236615057466,1.7339401244703707
2024-12-25,1.6754880638749141,1.739138254771932
2024-12-26,1.6740581524132354,1.7376235540535971
2024-12-27,1.6679156956366898,1.7328545765637053
2024-12-30,1.663407269971735,1.7303172039657846
2024-12-31,1.6610761452828189,1.7263549385363717
2025-01-02,1.6691263076299476,1.7289611890077672
2025-01-03,1.6720641276094044,1.731515736535305
2025-01-06,1.6800447145384498,1.735505875381648
2025-01-07,1.6746701552216543,1.7320241474005618
2025-01-08,1.684560265486869,1.742705109057284
2025-01-09,1.6790075794459942,1.7374173492535694
2025-01-10,1.680078481144491,1.737339693313067
2025-01-13,1.6798289828042146,1.7395488636064047
2025-01-14,1.6868048732567449,1.748211759511603
2025-01-15,1.690637439947772,1.7520260222808988
2025-01-16,1.707857071717161,1.7655563153570513
2025-01-17,1.7053232901760225,1.7641710239824402
2025-01-20,1.7047227951240962,1.7629747777144216
2025-01-21,1.7038829418447343,1.7623026774936474
2025-01-22,1.7021636190904417,1.758690705913832
2025-01-23,1.6975177008123556,1.755691736056415
2025-01-24,1.7030176332479026,1.7619579675377928
2025-01-27,1.6855239102741366,1.7472606101285506
2025-02-05,1.6941731250138212,1.7549649161749084
2025-02-06,1.6986663773969615,1.7600384288318989
2025-02-07,1.697360242056472,1.7614250851711886
2025-02-10,1.6953206799494562,1.7608295500443631
2025-02-11,1.7127449629028497,1.776178285245599
2025-02-12,1.7125923499987075,1.7774229271494442
2025-02-13,1.7060373415833394,1.7704160974268879
2025-02-14,1.714007524787066,1.778045431935783
2025-02-17,1.7074462354036177,1.7719557250357565
2025-02-18,1.7161731893497683,1.7778046547870379
2025-02-19,1.7223154681019937,1.785047246626183
2025-02-20,1.718229173064838,1.7815499670330779
2025-02-21,1.7148489156067714,1.7812433581862726
2025-02-24,1.699567916286979,1.7677384227878992
2025-02-25,1.6896284002350102,1.7587391897225073
2025-02-26,1.6805483725585755,1.751956418444672
2025-02-27,1.6801786180577292,1.751389754094285
2025-02-28,1.65172621828754,1.7261691092309397
2025-03-03,1.665992664462225,1.7375200209518868
2025-03-04,1.6505799276082094,1.724306505530039
2025-03-05,1.6568685967167203,1.7295653429381066
2025-03-06,1.660051689060818,1.7345130535993714
2025-03-07,1.6475501386986056,1.7242461730095813
2025-03-10,1.6515106681697649,1.7274330955144785
2025-03-11,1.61953723099151,1.7017167231668047
2025-03-12,1.6194153794854413,1.701325700699742
2025-03-13,1.619339137233657,1.7009013308730174
2025-03-14,1.6336652259287785,1.7170935052788434
2025-03-17,1.6362895252732992,1.7185576196125338
2025-03-18,1.6465072785470813,1.727781339966597
2025-03-19,1.6463250489403678,1.7283269689711467
2025-03-20,1.6644350672827226,1.7423795602443661
2025-03-21,1.6563429314701628,1.732714086218996
2025-03-24,1.663325259976257,1.7379525508772786
2025-03-25,1.6709060902189652,1.7444337030265116
2025-03-26,1.6700511575348873,1.7434247320104914
2025-03-27,1.6648092826428602,1.7406562379232513
2025-03-28,1.6656991123203932,1.7408516291094256
2025-03-31,1.6447084614313359,1.7239292473156176
2025-04-01,1.6612348528455931,1.7381767130102714
2025-04-02,1.6624723739086094,1.7392549895715077
2025-04-03,1.6494368154074306,1.7273050412259496
2025-04-07,1.5447019788349814,1.625753060711185
2025-04-08,1.5486251007889897,1.627644579318826
2025-04-09,1.5363187372666993,1.61731520069197
2025-04-10,1.6099976026577654,1.6829601721029028
2025-04-11,1.6010062403329748,1.674569722827108
2025-04-14,1.6141685216297965,1.686054058014609
2025-04-15,1.6092690650660704,1.68231303195933
2025-04-16,1.6068174596708955,1.6803200953355322
2025-04-17,1.6210069516159886,1.6936156630181267
2025-04-18,1.6265084440388704,1.6996614719105394
2025-04-21,1.6252512480465953,1.697854057715851
2025-04-22,1.6399639431442088,1.7099911285540859
2025-04-23,1.6336719677784672,1.705607988468975
2025-04-24,1.6287227992137392,1.7009274069497522
2025-04-25,1.6429636729767967,1.7127663283330397
2025-04-28,1.6399685868486298,1.709934931465537
2025-04-29,1.6423866484059613,1.7118523068983709
2025-04-30,1.6372542990077947,1.707222692327136
2025-05-06,1.651768882347297,1.720414469933125
2025-05-07,1.6594425089566287,1.7279149539586889
2025-05-08,1.6614318200867524,1.7308438943840627
2025-05-09,1.667154666596515,1.7373311629405508
2025-05-12,1.6776792242595118,1.7501898342347777
2025-05-13,1.6823088072645316,1.755572101209658
2025-05-14,1.7052560202920914,1.7788409090157034
2025-05-15,1.682595058896344,1.7577400689094176
2025-05-16,1.6892327716647522,1.7618297697035261
2025-05-19,1.6873873616821176,1.7602173998793886
2025-05-20,1.6920024531449869,1.7644537756322771
2025-05-21,1.7018194721228999,1.7728002970457264
2025-05-22,1.6881149404726739,1.7585302292156428
2025-05-23,1.686949301388895,1.7568228221307471
2025-05-26,1.6888626331810583,1.7578880318354826
2025-05-27,1.6863541782404816,1.7548641004534014
2025-05-28,1.6956499216278837,1.7629123246268836
2025-05-29,1.699624792250253,1.7672448849115603
2025-05-30,1.6875676658119638,1.7559271122016453
2025-06-03,1.6962598380634766,1.7627982985032735
2025-06-04,1.707858564778077,1.774514710093536
2025-06-05,1.701474059555622,1.7683709485438863
2025-06-06,1.7004159428063952,1.767836528685421
2025-06-09,1.7017582836315692,1.7704543065828529
2025-06-10,1.706722885350155,1.774898710131311
2025-06-11,1.7130326048260855,1.781721792380237
2025-06-12,1.720667485022359,1.7894479876230216
2025-06-13,1.7399173598798954,1.809436583178224
2025-06-16,1.7415581186552112,1.8105918192646073
2025-06-17,1.7383627009261873,1.807638970845093
2025-06-18,1.74156827053605,1.8115961505501907
2025-06-19,1.7363688054459891,1.806509130944444
2025-06-20,1.7334519180114016,1.8037337926053623
2025-06-23,1.7406482805887107,1.8117043731688907
2025-06-24,1.721884735865639,1.7909475293009767
2025-06-25,1.727889080341508,1.7992574211696462
2025-06-26,1.727006768145743,1.79679634726174
2025-06-27,1.7291197183568878,1.7978965104980074
2025-06-30,1.7319026487816673,1.800628150089047
2025-07-01,1.731668638601585,1.8003213298975456
2025-07-02,1.7350565609134687,1.8039735331770825
2025-07-03,1.7436484286555396,1.8127896167163544
2025-07-04,1.7454310056858646,1.814750685712451
2025-07-07,1.7391117910821536,1.8082788704121215
2025-07-08,1.7426069785167637,1.8124077437698412
2025-07-09,1.7453166989326807,1.8167142778342211
2025-07-10,1.7499497986071986,1.8205738995542253
2025-07-11,1.7519798170582446,1.823676743292631
2025-07-14,1.7544588666694818,1.8263527410736198
2025-07-15,1.7597479803260667,1.829527347442483
2025-07-16,1.7478731877556828,1.8183220171316674
2025-07-17,1.749121759111181,1.8196746666425878
2025-07-18,1.762023585621443,1.8328395900774022
2025-07-21,1.763318497565317,1.8344851474500963
2025-07-22,1.762626665003533,1.8348532683891343
2025-07-23,1.767352627145296,1.8390222250146206
2025-07-24,1.7632974226482634,1.8367590045962916
2025-07-25,1.762712871000069,1.835275126189669
2025-07-28,1.7683116250744257,1.8400558085183394
2025-07-29,1.770245664487041,1.8430740136280932
2025-07-30,1.7731378148420442,1.8461959777831314
2025-07-31,1.7697372486178709,1.837963375104159
2025-08-01,1.7565803256394248,1.8269909016299217
2025-08-04,1.7477581208262705,1.8197191279507898
2025-08-05,1.7595694360829188,1.8297136912462744
2025-08-06,1.7605917068301813,1.8319670537085277
2025-08-07,1.7645225665823443,1.8344379665465644
2025-08-08,1.764764761635569,1.8333697592608227
2025-08-11,1.7660456632967216,1.8343325787861766
2025-08-12,1.763557634924612,1.8334739425997386
2025-08-13,1.7715860105217915,1.8410015137521092
2025-08-14,1.7723695678543185,1.8418596743527536
2025-08-15,1.7750649089860298,1.845711537634897
2025-08-18,1.7718007038061012,1.8442577964348548
2025-08-19,1.765252375811813,1.8377016325674054
2025-08-20,1.7618640762712008,1.8383181470158014
2025-08-21,1.7676861502962802,1.8440406950055572
2025-08-22,1.7676682252216493,1.8490595845640687
2025-08-25,1.787435030563096,1.8697513523979679
2025-08-26,1.7879299312623882,1.8700603174675052
2025-08-27,1.7864744336060105,1.8648551666714581
2025-08-28,1.7942790868419523,1.8767213191612113
2025-08-29,1.8002155565971278,1.8842469477327362
2025-09-01,1.8063357402881222,1.8911915414321523
2025-09-02,1.8116240417365663,1.895522384305496
2025-09-03,1.8135831298410208,1.8954226441017592
2025-09-04,1.8013638887765342,1.8797012749305455
2025-09-05,1.8183767526815384,1.8978155863507964
2025-09-08,1.8181990279595006,1.8972404791924098
2025-09-09,1.8200106582482243,1.896408982952872
2025-09-10,1.8238260688386885,1.8998424804364784
2025-09-11,1.83340616866061,1.9138991063316202
2025-09-12,1.8326938888244801,1.9111441916239547
2025-09-15,1.8368839313054572,1.9148056933413242
2025-09-16,1.8428983742364755,1.9188067648831801
2025-09-17,1.8474393243610385,1.926226072367394
2025-09-18,1.8417868045914043,1.9183230653016092
2025-09-19,1.8453804755715457,1.9210685702188297
2025-09-22,1.8580369985558562,1.9309930740967158
2025-09-23,1.8722110005176662,1.9418201572069893
2025-09-24,1.8791232271170868,1.951102335371131
2025-09-25,1.8811100447515938,1.9551869119682626
2025-09-26,1.8835078339287927,1.956399908467235
2025-09-29,1.901008596030446,1.9735969836190486
2025-09-30,1.9015818708607186,1.9723481037134731
2025-10-09,1.9420253312271771,2.007167520052299
2025-10-10,1.922887233438832,1.9848618304271088
2025-10-13,1.9189635416625568,1.97910535812369
2025-10-14,1.9181317157809532,1.9772594088798479
2025-10-15,1.938912308176223,1.9959958354002794
2025-10-16,1.9475942010628244,2.003317284121725
2025-10-17,1.946489287639153,1.9977302790217915
2025-10-20,1.9458585609701191,1.9963666738683175
2025-10-21,1.97144374291512,2.02057958644548
2025-10-22,1.9531270066338102,2.0058373781481516
2025-10-23,1.9491128914717368,2.003755707588531
2025-10-24,1.9636056512366558,2.0195632941995996
2025-10-27,1.9787425701535617,2.0317432456011506
2025-10-28,1.9548573182918414,2.0102452186268165
2025-10-29,1.9724937672294502,2.0248222761650627
2025-10-30,1.9676838577101692,2.020262889142442
2025-10-31,1.966172043190562,2.015679792682608
2025-11-03,1.9701007551280143,2.021276029110125
2025-11-04,1.9507102352154284,2.004884722348119
2025-11-05,1.9395784564376455,1.9971525624248385
2025-11-06,1.956027290830534,2.0109607103729403
2025-11-07,1.9563967714568213,2.0142554228384144
2025-11-10,1.9767575757531124,2.030724721713631
2025-11-11,1.9853890817294966,2.0355859357776054
2025-11-12,1.9965180347248848,2.047139662877597
2025-11-13,2.0005890327534237,2.049318429200623
2025-11-14,1.9804477191019978,2.034177850844103
2025-11-17,1.9608661192924859,2.0178280739655072
2025-11-18,1.926361146001403,1.9895564298995745
2025-11-19,1.9433136882482593,2.006789465542084
2025-11-20,1.9607421453325666,2.0167525513492968
2025-11-21,1.9199783270059676,1.9774764314327324
2025-11-24,1.9272262153487105,1.983871351229371
2025-11-25,1.9510762764392868,2.0026236855807467
2025-11-26,1.9616676354124913,2.010794086960505
2025-11-27,1.9646501560167373,2.0145346782444298
2025-11-28,1.9753390241885058,2.0232071833887315
2025-12-01,1.9869128276743153,2.036700094098238
2025-12-02,1.9855315366335495,2.0350706089849355
2025-12-03,1.9849053843779316,2.030577933798215
2025-12-04,1.9940787358354757,2.041952809548199
2025-12-05,2.000014255338892,2.048536180376105
2025-12-08,1.9953827516853428,2.046351723505903
2025-12-09,1.9762451631342277,2.028884833655253
2025-12-10,1.9852694758304263,2.035598725459253
2025-12-11,1.9769867581506106,2.028708700337752
2025-12-12,1.9847028758376715,2.035054104871131
2025-12-15,1.9812762055958344,2.030234560582449
2025-12-16,1.9573912575302836,2.008429944260688
2025-12-17,1.9724329741748037,2.022474777935052
2025-12-18,1.9644487547727696,2.015441169163718
2025-12-19,1.9760922955348892,2.0239852842907093
2025-12-22,1.9998569241883826,2.04342595082865
2025-12-23,2.0048080191774433,2.0480584160399693
2025-12-24,2.007592315523138,2.051856846502261
2025-12-25,2.000608020633161,2.046279578442441
2025-12-26,2.0076653719111843,2.0530110546724636
2025-12-29,1.995639196108586,2.0424408756881323
2025-12-30,1.9836394942484832,2.033905304579997
2025-12-31,1.9743683651391204,2.0256600927291264
2026-01-05,2.0028457903331187,2.0521342081150573
2026-01-06,2.0070250630031308,2.0573219561219274
2026-01-07,1.9981654215600877,2.048877387520291
2026-01-08,1.9897802014906278,2.0414277932175033
2026-01-09,2.001330628176892,2.052764375710647
2026-01-12,2.0112987881027435,2.061849175078569
2026-01-13,2.0182143618324435,2.065893890428308
2026-01-14,2.0259912225605707,2.0719196779105884
2026-01-15,2.0193679370729605,2.0670433192951334
2026-01-16,2.017069840141633,2.0638697178397596
2026-01-19,2.0192849017825933,2.0651624735298197
2026-01-20,2.0193087365768245,2.0645972246801296
2026-01-21,2.038282604712001,2.0794546469516555
2026-01-22,2.0532132032984363,2.093914841245833
2026-01-23,2.065343260720451,2.1019336916814626
2026-01-26,2.0957331646512776,2.1310586663278905
2026-01-27,2.0960624273692074,2.129364639821217
2026-01-28,2.153850097528207,2.1867896686190997
2026-01-29,2.2293195379290593,2.262160977424183
2026-01-30,2.12583954829227,2.164317082249396
2026-02-02,2.0003681794987864,2.057084646784459
2026-02-03,2.046939283139675,2.092828303803458
2026-02-04,2.0765748854432426,2.11723902869838
2026-02-05,2.064368530410729,2.1131705463538832
2026-02-06,2.047048597851105,2.1004208909763777
2026-02-09,2.083388585073239,2.1299106126373686
2026-02-10,2.083211892468963,2.131487016576082
2026-02-11,2.103155716902539,2.150973375029972
2026-02-12,2.0933606320702447,2.142020836065581
2026-02-13,2.069290849797948,2.1183605386413626
2026-02-24,2.1156283336814683,2.161513115209491
2026-02-25,2.1164770475345103,2.1629847560808364
2026-02-26,2.1066164687392614,2.1520294991945548
2026-02-27,2.1009718861504205,2.1465404896399627
2026-03-02,2.1652144703588263,2.206316063428839
2026-03-03,2.1844778189017755,2.2307442602272927
2026-03-04,2.1259752901237787,2.17464397706023
2026-03-05,2.1268986249522595,2.173649148495415
2026-03-06,2.120628267444068,2.1694984077328616
2026-03-09,2.115748207043434,2.167339882632201
2026-03-10,2.109994492340546,2.157499076618631
2026-03-11,2.1152491357485452,2.163241812728181
2026-03-12,2.11992547492408,2.169456062900298
2026-03-13,2.1081705225339076,2.1612901567613463
2026-03-16,2.1069985225264833,2.162770263916446
2026-03-17,2.10365267521971,2.159315323401915
2026-03-18,2.106968442963675,2.1622985721173413
2026-03-19,2.0786548704453054,2.1441583784076093
2026-03-20,2.0619744311324624,2.132528549157075
2026-03-23,2.0051450379566482,2.09688313781842
2026-03-24,2.022924755992367,2.1050754540361996
2026-03-25,2.054187113800009,2.1310025706476416
2026-03-26,2.0576632055250164,2.139585192984666
2026-03-27,2.0779616341439215,2.162021042828616
2026-03-30,2.1300605175455343,2.216740681534244
