,trade_cost
2014-08-01,4.602127791529492e-06
2014-08-04,1.0317788229330757e-05
2014-08-05,1.3731198983014281e-05
2014-08-06,1.9614060094492875e-06
2014-08-07,3.83620875106859e-06
2014-08-08,3.5606936138108533e-06
2014-08-11,3.328391362835831e-07
2014-08-12,4.884171583778074e-06
2014-08-13,1.0969594452264475e-06
2014-08-14,2.954305823775344e-07
2014-08-15,8.382782212355098e-06
2014-08-18,3.0239943311927835e-06
2014-08-19,1.224598418408343e-06
2014-08-20,4.200862409948075e-07
2014-08-21,1.058774713622493e-06
2014-08-22,5.944034257360509e-07
2014-08-25,2.0123740948187198e-07
2014-08-26,5.073288997601275e-06
2014-08-27,1.8635970688787863e-06
2014-08-28,0.00014143131724240197
2014-08-29,9.122424365602123e-07
2014-09-01,4.132605943158285e-06
2014-09-02,2.6467275526971534e-07
2014-09-03,8.290004090478934e-06
2014-09-04,2.1205249415027077e-06
2014-09-05,1.8281937716845e-06
2014-09-09,1.9877470678073272e-06
2014-09-10,0.00017292563623419355
2014-09-11,2.3303762135680264e-06
2014-09-12,3.138719648709702e-06
2014-09-15,0.0001069555485580109
2014-09-16,3.6491660995519454e-06
2014-09-17,1.7487456959891608e-05
2014-09-18,4.83872074696786e-06
2014-09-19,9.417115907790343e-05
2014-09-22,8.286975474224315e-06
2014-09-23,2.6570950530223313e-05
2014-09-24,9.480246521631678e-05
2014-09-25,5.67368085961054e-05
2014-09-26,7.98934856337674e-06
2014-09-29,4.093036529612058e-05
2014-09-30,8.810648776665888e-06
2014-10-08,0.000580682069867627
2014-10-09,1.8653484313060944e-05
2014-10-10,0.0006931250352938971
2014-10-13,0.0005779620369770138
2014-10-14,0.0005880308803127601
2014-10-15,6.98225724666383e-05
2014-10-16,6.222684813409422e-06
2014-10-17,0.0005222425854821352
2014-10-20,0.0005167937298084195
2014-10-21,3.1881011552786223e-06
2014-10-22,1.0812533360065858e-05
2014-10-23,0.00018675094775968184
2014-10-24,0.00048700236049736985
2014-10-27,0.00016540390725410103
2014-10-28,5.174922452276875e-06
2014-10-29,0.00015532389677703064
2014-10-30,5.676799803817967e-06
2014-10-31,2.8156281024614616e-05
2014-11-03,4.158537229607949e-05
2014-11-04,7.816763938603241e-06
2014-11-05,2.2437823439409075e-05
2014-11-06,1.8808836332308857e-05
2014-11-07,1.596183101774648e-05
2014-11-10,1.0628029124228473e-05
2014-11-11,5.019197571598087e-05
2014-11-12,4.947135571830158e-06
2014-11-13,1.1631104321785366e-05
2014-11-14,1.0337204558853495e-05
2014-11-17,5.313599990686702e-06
2014-11-18,1.9456258474152958e-05
2014-11-19,9.51428157262038e-06
2014-11-20,7.844293298185965e-06
2014-11-21,9.74788829104127e-06
2014-11-24,1.1677634767118583e-05
2014-11-25,1.6810676996522146e-05
2014-11-26,4.772141628953827e-06
2014-11-27,7.70903602149535e-07
2014-11-28,2.8146185935148047e-06
2014-12-01,8.56514226517062e-06
2014-12-02,0.00012335058179301268
2014-12-03,3.87244724411867e-05
2014-12-04,6.506972855096249e-05
2014-12-05,2.6864901877655703e-05
2014-12-08,4.92508819322772e-06
2014-12-09,8.568520718229943e-06
2014-12-10,2.9415669449428278e-05
2014-12-11,1.5982871005356656e-05
2014-12-12,2.771653647093044e-05
2014-12-15,2.4338079625716437e-06
2014-12-16,2.7280529296073163e-06
2014-12-17,4.077318264846745e-06
2014-12-18,1.9380497875661062e-05
2014-12-19,2.1643533378625595e-05
2014-12-22,2.2965377059119433e-05
2014-12-23,1.7614830475166099e-06
2014-12-24,5.597566583370899e-06
2014-12-25,6.844348831137958e-06
2014-12-26,3.5445813618101145e-06
2014-12-29,2.992278861994921e-06
2014-12-30,3.1468093070703974e-06
2014-12-31,5.7059961976582485e-06
2015-01-05,3.2197943505230044e-06
2015-01-06,1.034769807287942e-05
2015-01-07,5.559932909481951e-06
2015-01-08,1.3507560362254478e-06
2015-01-09,8.706332472297198e-06
2015-01-12,3.433830601798516e-06
2015-01-13,5.7656148908781825e-06
2015-01-14,3.867259045190821e-06
2015-01-15,5.749147650667211e-07
2015-01-16,8.64071951087212e-06
2015-01-19,2.3771202669316503e-05
2015-01-20,3.0378945938033994e-05
2015-01-21,2.4848071269918253e-06
2015-01-22,1.082929556580107e-05
2015-01-23,9.774548642134336e-06
2015-01-26,7.374861761385712e-06
2015-01-27,2.3874483480397847e-07
2015-01-28,4.1627027757927885e-06
2015-01-29,7.4477530542734835e-06
2015-01-30,4.714266226949947e-06
2015-02-02,1.5146445127280188e-05
2015-02-03,0.00013803447171242545
2015-02-04,1.9063293392440235e-06
2015-02-05,5.943133860306628e-06
2015-02-06,1.3483587280072803e-06
2015-02-09,1.4062947299317441e-05
2015-02-10,0.00013553410008830427
2015-02-11,0.0001820850887809646
2015-02-12,1.5699710174398357e-05
2015-02-13,1.9127885266205514e-06
2015-02-16,0.00016241381942053528
2015-02-17,0.00016231293702503803
2015-02-25,1.1923520334758826e-06
2015-02-26,3.5516757128397635e-06
2015-02-27,5.805444430268779e-06
2015-03-02,9.588971946945801e-08
2015-03-03,1.213794835601359e-05
2015-03-04,9.568031250642852e-06
2015-03-05,2.303257678216014e-06
2015-03-06,3.5992591538133307e-06
2015-03-09,3.850961259325436e-07
2015-03-10,1.0475391170362517e-05
2015-03-11,1.2052180951197396e-06
2015-03-12,2.3867391316885556e-05
2015-03-13,2.3255971448870176e-06
2015-03-16,5.098034879307406e-07
2015-03-17,6.842316180695765e-06
2015-03-18,0.0001694694101689887
2015-03-19,0.0001686502924683487
2015-03-20,0.0001676568153225092
2015-03-23,7.313461245310738e-07
2015-03-24,6.63473010438765e-06
2015-03-25,1.6519389508657806e-06
2015-03-26,1.1188147890883669e-06
2015-03-27,1.6764561652653833e-05
2015-03-30,1.5852017858866418e-06
2015-03-31,3.1612199665635704e-05
2015-04-01,5.01916660902849e-05
2015-04-02,1.4876801529333232e-05
2015-04-03,8.237070417895266e-06
2015-04-07,1.0194651603218293e-06
2015-04-08,3.619648360412689e-06
2015-04-09,1.585997516032965e-06
2015-04-10,6.696090273956116e-06
2015-04-13,5.77732393182092e-06
2015-04-14,1.5921484213803004e-06
2015-04-15,3.214428161324237e-06
2015-04-16,2.9268867855284724e-06
2015-04-17,4.441669492286427e-05
2015-04-20,2.0632094545243106e-06
2015-04-21,1.9131298911091896e-05
2015-04-22,9.708820386498173e-06
2015-04-23,2.4873389812306023e-06
2015-04-24,5.5505415465618295e-06
2015-04-27,1.4999897718931191e-05
2015-04-28,4.025722381855015e-06
2015-04-29,1.1066483323582884e-05
2015-04-30,2.366576136365192e-06
2015-05-04,3.582043291332035e-06
2015-05-05,1.3191589687241031e-05
2015-05-06,1.6141194514197528e-05
2015-05-07,1.7711258654813697e-05
2015-05-08,8.238831161799208e-06
2015-05-11,7.547617442848348e-06
2015-05-12,5.289952436815321e-06
2015-05-13,7.927274818717578e-07
2015-05-14,1.566362085057088e-06
2015-05-15,1.9663621527565374e-05
2015-05-18,7.802731564995752e-05
2015-05-19,7.78614741591293e-06
2015-05-20,8.116622245591604e-06
2015-05-21,9.478813120485905e-06
2015-05-22,2.8365806460873418e-06
2015-05-25,5.4166686584648065e-06
2015-05-26,4.291887550271819e-06
2015-05-27,2.3867263232995145e-06
2015-05-28,7.630023756428617e-06
2015-05-29,4.001028104224953e-05
2015-06-01,6.151479737717639e-05
2015-06-02,2.40266383170209e-05
2015-06-03,5.4179358580048184e-06
2015-06-04,4.125969761420902e-05
2015-06-05,1.0846842597688824e-06
2015-06-08,9.7438868169861e-06
2015-06-09,2.2939633055562086e-06
2015-06-10,4.72236481897605e-06
2015-06-11,4.807291611193747e-06
2015-06-12,3.370808008456464e-06
2015-06-15,1.2408401596187835e-06
2015-06-16,1.3970012747844232e-05
2015-06-17,3.8540194234385485e-06
2015-06-18,9.32419159653062e-07
2015-06-19,9.20453344933627e-06
2015-06-23,2.9987060594016227e-05
2015-06-24,1.667250780425292e-05
2015-06-25,1.1627518591457997e-05
2015-06-26,2.0619711438094705e-05
2015-06-29,1.5367264341395887e-05
2015-06-30,6.6250313781114935e-06
2015-07-01,1.2695711118961933e-05
2015-07-02,5.093260700348764e-06
2015-07-03,2.4294218509828983e-05
2015-07-06,1.2533462578696234e-05
2015-07-07,2.4886416087411804e-05
2015-07-08,2.605292877425989e-05
2015-07-09,9.764187100383837e-05
2015-07-10,5.533474862264214e-05
2015-07-13,2.239359350541471e-05
2015-07-14,7.237490739352762e-06
2015-07-15,3.2483066504122054e-05
2015-07-16,1.0340287877831586e-05
2015-07-17,1.150728558482527e-05
2015-07-20,1.9228144515882144e-05
2015-07-21,1.7815319336724152e-05
2015-07-22,4.2236507586000985e-06
2015-07-23,4.103062275973055e-06
2015-07-24,1.1511969276003023e-06
2015-07-27,1.0547065079119522e-05
2015-07-28,2.555426229057781e-05
2015-07-29,7.330377313140454e-06
2015-07-30,1.2045810000700122e-05
2015-07-31,1.2528007615517474e-05
2015-08-03,7.932448987918138e-07
2015-08-04,5.965915880573925e-06
2015-08-05,4.086238200235182e-06
2015-08-06,1.722240454461149e-06
2015-08-07,3.2056329379624575e-06
2015-08-10,8.700702495963036e-06
2015-08-11,2.322086347096429e-06
2015-08-12,5.295697670891802e-05
2015-08-13,2.8114912729985147e-05
2015-08-14,2.5198949258106867e-06
2015-08-17,1.8537129348421693e-06
2015-08-18,1.2362072536072719e-05
2015-08-19,1.2108821720125656e-05
2015-08-20,2.717272668161425e-06
2015-08-21,7.489822468256139e-06
2015-08-24,1.6913682811470667e-05
2015-08-25,4.0600013389736915e-05
2015-08-26,4.731168435714361e-06
2015-08-27,3.2663073408057303e-06
2015-08-28,6.70392732475826e-06
2015-08-31,9.689725872300257e-06
2015-09-01,4.122223591421774e-06
2015-09-02,7.276764417130876e-06
2015-09-07,2.7840033391876575e-06
2015-09-08,8.165406187080001e-06
2015-09-09,1.7192355745351618e-05
2015-09-10,1.5760922370745939e-06
2015-09-11,2.22372772420203e-06
2015-09-14,5.837144053546954e-06
2015-09-15,3.1030769162307437e-06
2015-09-16,2.0666961901496563e-06
2015-09-17,5.650201321401166e-06
2015-09-18,8.086926455826506e-06
2015-09-21,1.1902857992307363e-06
2015-09-22,5.943446411069125e-06
2015-09-23,1.5949152709209513e-06
2015-09-24,1.7676626215589395e-06
2015-09-25,2.485407385060562e-06
2015-09-28,1.3249546320452214e-06
2015-09-29,2.5344110684604253e-06
2015-09-30,1.1424096545764414e-05
2015-10-08,1.2589624179835259e-05
2015-10-09,2.563710783573387e-05
2015-10-12,7.280261159554177e-05
2015-10-13,3.0976598769566674e-05
2015-10-14,2.94241506092751e-06
2015-10-15,6.746474579221576e-06
2015-10-16,2.7282414982561508e-06
2015-10-19,1.5053801515119567e-05
2015-10-20,5.03774597806983e-07
2015-10-21,2.4140481343797705e-05
2015-10-22,2.3657772125898134e-06
2015-10-23,1.7244589012537851e-06
2015-10-26,9.07387548941331e-06
2015-10-27,4.185110786159581e-06
2015-10-28,1.966845883072287e-06
2015-10-29,1.3114751164829062e-06
2015-10-30,8.034599730250304e-06
2015-11-02,1.4887354546741131e-05
2015-11-03,3.7121376105046684e-06
2015-11-04,2.8574773020903015e-06
2015-11-05,1.056239759043917e-05
2015-11-06,3.5187926450984087e-06
2015-11-09,2.330649442496339e-06
2015-11-10,8.089979301559663e-05
2015-11-11,7.912258042044714e-06
2015-11-12,1.3983933430155679e-05
2015-11-13,3.755023145449482e-06
2015-11-16,4.195778298249478e-06
2015-11-17,2.332635442061747e-05
2015-11-18,1.773052935052488e-05
2015-11-19,1.5908889783920813e-06
2015-11-20,8.609054359693725e-06
2015-11-23,4.304799087153366e-06
2015-11-24,5.15701682610576e-06
2015-11-25,6.128433085411799e-06
2015-11-26,6.0751487824413785e-06
2015-11-27,4.325273119201278e-06
2015-11-30,1.6064189631380474e-05
2015-12-01,4.827107605643179e-06
2015-12-02,1.8462198354047875e-05
2015-12-03,9.180776466103796e-06
2015-12-04,7.852351322527318e-06
2015-12-07,9.613587784554376e-06
2015-12-08,2.2007405232129012e-05
2015-12-09,7.078952497213607e-06
2015-12-10,4.451290510401572e-07
2015-12-11,6.29397626317876e-06
2015-12-14,1.3822830358903304e-07
2015-12-15,7.194424859989925e-06
2015-12-16,3.1041620001398194e-06
2015-12-17,3.947637014149304e-06
2015-12-18,6.043565303461184e-06
2015-12-21,8.757675365690196e-06
2015-12-22,2.0534981412448064e-05
2015-12-23,1.6671041048136708e-06
2015-12-24,7.943374955114609e-07
2015-12-25,1.1777133571120233e-05
2015-12-28,1.4409891315254157e-06
2015-12-29,2.843061827714589e-05
2015-12-30,2.329574725821713e-06
2015-12-31,6.208611253460457e-06
2016-01-04,3.591058999595727e-06
2016-01-05,1.5851719768618853e-05
2016-01-06,9.283247811773352e-06
2016-01-07,5.681916505246181e-06
2016-01-08,3.38827987214944e-05
2016-01-11,5.680658292060398e-06
2016-01-12,7.84788707235597e-06
2016-01-13,7.411816824894068e-06
2016-01-14,5.53020529708799e-06
2016-01-15,4.241930590732246e-06
2016-01-18,4.083751226379141e-06
2016-01-19,4.325018978739839e-06
2016-01-20,1.1703843376879123e-05
2016-01-21,1.1045242274445447e-05
2016-01-22,4.485829615669728e-06
2016-01-25,1.5772077580904338e-05
2016-01-26,6.436221877307809e-06
2016-01-27,3.1599798959522416e-05
2016-01-28,6.318311311110832e-06
2016-01-29,2.8714860857965987e-06
2016-02-01,7.429344237652038e-06
2016-02-02,5.570016664145486e-06
2016-02-03,1.950434465582823e-06
2016-02-04,2.6676061043682287e-06
2016-02-05,5.870186842403719e-06
2016-02-15,6.708383668388502e-06
2016-02-16,8.454493227479272e-05
2016-02-17,9.28129384114847e-06
2016-02-18,1.2386720525297267e-06
2016-02-19,1.6599936567466937e-06
2016-02-22,1.330479682760774e-06
2016-02-23,3.923022175730817e-06
2016-02-24,2.474923774273691e-07
2016-02-25,5.472013737914936e-06
2016-02-26,9.295226659187636e-06
2016-02-29,2.1223907000407426e-06
2016-03-01,4.993375331985548e-06
2016-03-02,2.2630129861447648e-06
2016-03-03,2.083092200023027e-05
2016-03-04,3.421350430651251e-06
2016-03-07,4.038329622165153e-06
2016-03-08,4.187443082097057e-06
2016-03-09,1.8244359848928576e-06
2016-03-10,7.017274055676648e-06
2016-03-11,2.988514780669204e-06
2016-03-14,2.3951115544337348e-05
2016-03-15,2.2742647202565774e-05
2016-03-16,1.0649296582152406e-05
2016-03-17,6.53943020083872e-06
2016-03-18,3.77261207221255e-06
2016-03-21,7.896931135654567e-07
2016-03-22,3.624854099237261e-06
2016-03-23,1.8203787670257078e-06
2016-03-24,1.3847063156078137e-06
2016-03-25,6.989464136822419e-06
2016-03-28,8.120730001519979e-05
2016-03-29,8.212366398037477e-07
2016-03-30,1.6818901990494594e-06
2016-03-31,6.592026668006738e-06
2016-04-01,1.587991815709615e-06
2016-04-05,2.3989607605823453e-05
2016-04-06,1.4239644596893142e-05
2016-04-07,1.2143957587322506e-07
2016-04-08,3.1257376141853484e-06
2016-04-11,9.387806982024848e-05
2016-04-12,9.2978945785212e-05
2016-04-13,8.933799182079908e-05
2016-04-14,9.998898312707943e-05
2016-04-15,6.191739908120945e-06
2016-04-18,1.2353075656929003e-07
2016-04-19,8.707510102484332e-06
2016-04-20,6.411268356009362e-06
2016-04-21,5.092860637584129e-06
2016-04-22,6.445238251012289e-05
2016-04-25,8.509699608563941e-06
2016-04-26,6.175850742259326e-05
2016-04-27,7.621969882125969e-06
2016-04-28,5.203890362013599e-06
2016-04-29,2.2693785302238193e-05
2016-05-03,1.4670173731968258e-05
2016-05-04,1.281313285127128e-05
2016-05-05,1.00035533921953e-05
2016-05-06,7.813174234872905e-07
2016-05-09,9.792260023804474e-06
2016-05-10,6.7046897369518986e-06
2016-05-11,4.264781232985588e-06
2016-05-12,1.6546198736052616e-05
2016-05-13,4.693185651878908e-06
2016-05-16,4.7175236360753986e-06
2016-05-17,1.921441617926969e-05
2016-05-18,9.377631548721299e-06
2016-05-19,6.479075535460659e-06
2016-05-20,1.2346145625096137e-05
2016-05-23,4.4401597167435105e-06
2016-05-24,2.648221895501863e-06
2016-05-25,1.576543544657475e-06
2016-05-26,2.305625358889805e-05
2016-05-27,1.2212771751597129e-06
2016-05-30,1.2739039110247936e-06
2016-05-31,5.452448837419459e-06
2016-06-01,2.8237534307225594e-05
2016-06-02,4.854146761079231e-07
2016-06-03,2.736455353887127e-06
2016-06-06,0.00011225313791723599
2016-06-07,1.592792128928119e-05
2016-06-08,0.00011039132425784401
2016-06-13,2.0831735237443992e-06
2016-06-14,4.44087647171857e-05
2016-06-15,1.07423579623064e-05
2016-06-16,4.391074821683133e-06
2016-06-17,3.6134196339712744e-06
2016-06-20,9.842488441107317e-06
2016-06-21,5.676833264721494e-06
2016-06-22,2.1785728271173124e-06
2016-06-23,3.3770764779933667e-06
2016-06-24,4.1734122607513596e-07
2016-06-27,1.5307988034349643e-05
2016-06-28,1.688765777706848e-05
2016-06-29,1.4663724955506704e-06
2016-06-30,4.975205968183131e-06
2016-07-01,6.200935246621658e-06
2016-07-04,2.536873090586053e-05
2016-07-05,6.0637365775866e-06
2016-07-06,6.223023647426753e-07
2016-07-07,2.622498425379049e-06
2016-07-08,8.73192943360893e-06
2016-07-11,8.672938482459782e-06
2016-07-12,2.066937873627725e-05
2016-07-13,1.1803182094299394e-05
2016-07-14,2.705656347666896e-06
2016-07-15,1.7308752089962993e-06
2016-07-18,4.2122118314043866e-06
2016-07-19,1.692107570667019e-06
2016-07-20,2.8026785948048786e-06
2016-07-21,9.474143785190847e-07
2016-07-22,3.131953098881382e-06
2016-07-25,5.011827737061779e-06
2016-07-26,1.0550893866124386e-06
2016-07-27,3.3827150583877196e-06
2016-07-28,8.176570626385185e-06
2016-07-29,2.9437809365510313e-06
2016-08-01,5.670266719064177e-07
2016-08-02,2.4359822774318388e-05
2016-08-03,3.991242341303026e-06
2016-08-04,2.2451278813424936e-05
2016-08-05,4.7795785517283295e-06
2016-08-08,5.171672357883073e-06
2016-08-09,1.3164462251496586e-05
2016-08-10,1.2810218377158075e-05
2016-08-11,4.866379145754392e-06
2016-08-12,6.427605643969009e-06
2016-08-15,1.0347529672438908e-05
2016-08-16,2.197331365723044e-05
2016-08-17,6.915412761811915e-06
2016-08-18,8.653285412352659e-06
2016-08-19,5.743044281862179e-06
2016-08-22,1.3544290090470369e-05
2016-08-23,1.8762759530147992e-06
2016-08-24,2.9896032736879653e-06
2016-08-25,2.716765420468886e-05
2016-08-26,9.11982242430737e-06
2016-08-29,6.923860006237747e-06
2016-08-30,1.8552280883015887e-06
2016-08-31,1.651168219331166e-06
2016-09-01,5.336850607131336e-06
2016-09-02,9.225617500274762e-06
2016-09-05,9.424258949280277e-07
2016-09-06,7.809307036279269e-06
2016-09-07,5.5886161554886236e-05
2016-09-08,5.38537098862601e-05
2016-09-09,3.419994933267067e-06
2016-09-12,1.4450592007369326e-05
2016-09-13,6.195863841943868e-05
2016-09-14,4.365605304466662e-05
2016-09-19,2.0462149405153717e-06
2016-09-20,1.0882614365546731e-05
2016-09-21,9.091962773221975e-07
2016-09-22,6.141340144395525e-07
2016-09-23,4.319882374044724e-05
2016-09-26,6.902980229754961e-06
2016-09-27,1.204156561132544e-05
2016-09-28,2.730085819501727e-06
2016-09-29,3.2531346351691374e-06
2016-09-30,7.392508381202227e-06
2016-10-10,1.3424232436212036e-06
2016-10-11,4.066541380701129e-05
2016-10-12,3.118702011144709e-05
2016-10-13,7.130738240416066e-05
2016-10-14,1.5888819073761642e-06
2016-10-17,3.7235656825669992e-06
2016-10-18,1.9044019054215816e-06
2016-10-19,7.049948644981246e-05
2016-10-20,1.9983600993260868e-07
2016-10-21,8.513786003667136e-06
2016-10-24,1.2214243449917e-05
2016-10-25,3.9462115557929585e-06
2016-10-26,1.666342658920798e-05
2016-10-27,2.2947028463369508e-05
2016-10-28,2.0453312848562762e-05
2016-10-31,1.9474268114872376e-05
2016-11-01,9.859943465414314e-05
2016-11-02,2.1742252418843996e-06
2016-11-03,9.711112747244735e-05
2016-11-04,3.823156620441446e-06
2016-11-07,5.897641929674017e-06
2016-11-08,9.324916935581434e-06
2016-11-09,1.80126447726282e-06
2016-11-10,0.00013079881503120632
2016-11-11,0.0001276844824245965
2016-11-14,0.0001042560033775532
2016-11-15,3.8568061100207454e-05
2016-11-16,2.553258085294334e-05
2016-11-17,6.722991660362724e-06
2016-11-18,0.00014289030222944778
2016-11-21,5.4855231550600555e-05
2016-11-22,2.431218529367153e-06
2016-11-23,4.9506070859804844e-05
2016-11-24,3.1835291250444305e-06
2016-11-25,5.514719727881951e-05
2016-11-28,1.0133949871193207e-05
2016-11-29,2.234064169338964e-06
2016-11-30,7.994216283376103e-05
2016-12-01,1.7568625751430183e-05
2016-12-02,2.240250928552452e-05
2016-12-05,1.6084414672897657e-05
2016-12-06,2.7762903647663065e-05
2016-12-07,4.0405706683841237e-05
2016-12-08,8.146026169701532e-07
2016-12-09,4.593734498876207e-05
2016-12-12,4.302242972391927e-05
2016-12-13,8.033269735296361e-05
2016-12-14,9.01580909851097e-06
2016-12-15,5.047600161181325e-05
2016-12-16,0.0002204503176660746
2016-12-19,1.4308635121669266e-05
2016-12-20,1.7156412687730326e-05
2016-12-21,2.279334701058941e-06
2016-12-22,1.5431833123454822e-05
2016-12-23,2.109326062651462e-06
2016-12-26,2.366281625849502e-06
2016-12-27,8.455521978364523e-06
2016-12-28,1.4660324875906239e-05
2016-12-29,1.8325942721218112e-06
2016-12-30,5.541891470452601e-06
2017-01-03,7.132874885203824e-06
2017-01-04,1.1973551171233436e-05
2017-01-05,5.546226481863016e-06
2017-01-06,2.5068659651791143e-07
2017-01-09,7.648401506064953e-07
2017-01-10,2.9357353307063045e-06
2017-01-11,7.07412583957924e-06
2017-01-12,4.134365058381821e-06
2017-01-13,0.0003863183716337586
2017-01-16,2.0737859701577752e-06
2017-01-17,8.095621176789727e-06
2017-01-18,2.9535031633803126e-06
2017-01-19,5.036974371114452e-06
2017-01-20,1.1227542923567972e-05
2017-01-23,7.605407322505795e-06
2017-01-24,1.8890193518843356e-05
2017-01-25,5.237648044416662e-06
2017-01-26,1.3605134767788137e-05
2017-02-03,1.6229004177402154e-05
2017-02-06,2.179238801423867e-05
2017-02-07,8.93829744713351e-06
2017-02-08,4.668302350122132e-06
2017-02-09,1.0510397914707426e-05
2017-02-10,2.8767429278925143e-06
2017-02-13,8.556958983250041e-06
2017-02-14,2.2036284977576814e-06
2017-02-15,6.572756044624928e-07
2017-02-16,3.1703544667917026e-06
2017-02-17,4.879131767431981e-06
2017-02-20,6.573068114580874e-06
2017-02-21,2.3981020991196817e-05
2017-02-22,1.1628229351809405e-07
2017-02-23,1.2530227162381787e-05
2017-02-24,3.536518315505985e-06
2017-02-27,1.5004493735451082e-05
2017-02-28,0.00015056352711442545
2017-03-01,4.055634039042369e-06
2017-03-02,8.899200138583585e-06
2017-03-03,2.5807726077852785e-05
2017-03-06,9.214039172521928e-06
2017-03-07,1.4440836032439869e-05
2017-03-08,8.908503690256787e-06
2017-03-09,4.9030603490436075e-06
2017-03-10,1.5667890402067467e-05
2017-03-13,1.4765002211119885e-05
2017-03-14,1.914755591885088e-05
2017-03-15,9.905937487004177e-06
2017-03-16,1.7401445649705e-06
2017-03-17,1.8733015410806574e-05
2017-03-20,1.519859883723472e-05
2017-03-21,1.845666008385573e-06
2017-03-22,2.427831552953577e-06
2017-03-23,3.186933490271444e-05
2017-03-24,5.845131397102729e-07
2017-03-27,7.83989104844704e-06
2017-03-28,7.79766374261437e-06
2017-03-29,6.232885015620533e-06
2017-03-30,1.5598732299292032e-05
2017-03-31,1.740021768816783e-05
2017-04-05,5.426558955797731e-06
2017-04-06,2.7919523905086667e-05
2017-04-07,4.724423909753188e-06
2017-04-10,7.209594519019779e-06
2017-04-11,3.0710220445046705e-06
2017-04-12,1.3710903329898425e-06
2017-04-13,6.901047478315201e-06
2017-04-14,3.2912295382339434e-06
2017-04-17,1.1936285602015223e-05
2017-04-18,1.884279322687153e-05
2017-04-19,5.693575346103916e-06
2017-04-20,3.5329150013290805e-06
2017-04-21,3.699495782145106e-06
2017-04-24,2.535150581036278e-06
2017-04-25,7.086939145928388e-06
2017-04-26,1.603155727842913e-06
2017-04-27,5.152409810505659e-06
2017-04-28,2.9664969215794472e-06
2017-05-02,6.130218199868961e-07
2017-05-03,8.512074705251858e-06
2017-05-04,3.965151090232467e-06
2017-05-05,2.7977148429971578e-05
2017-05-08,1.2716808687228142e-05
2017-05-09,9.665431735592516e-06
2017-05-10,2.667121579129572e-06
2017-05-11,3.653909874830286e-05
2017-05-12,8.179029267330603e-06
2017-05-15,1.2947370314741789e-05
2017-05-16,7.98162082219043e-06
2017-05-17,1.4017011066153783e-05
2017-05-18,6.464246429692993e-06
2017-05-19,1.2671897390601781e-05
2017-05-22,2.2669398348050007e-05
2017-05-23,4.0493412434319946e-06
2017-05-24,4.989529254115843e-06
2017-05-25,1.894485078554252e-05
2017-05-26,5.597538456634903e-05
2017-05-31,7.04537005658027e-06
2017-06-01,5.653516822718814e-06
2017-06-02,1.3607028518369668e-05
2017-06-05,7.2135057213636655e-06
2017-06-06,2.025990759144404e-05
2017-06-07,4.8461285463263085e-06
2017-06-08,1.0858593438631298e-05
2017-06-09,6.294050207493122e-06
2017-06-12,9.348016868575963e-06
2017-06-13,6.267066217453668e-06
2017-06-14,4.1975880055423745e-06
2017-06-15,9.594366802845845e-06
2017-06-16,1.4949918419374277e-05
2017-06-19,6.594783310070726e-06
2017-06-20,6.238533023711752e-06
2017-06-21,6.371148965827134e-06
2017-06-22,8.906713761600474e-06
2017-06-23,4.606793591890604e-06
2017-06-26,3.7925482676792535e-06
2017-06-27,1.3152328991059754e-05
2017-06-28,6.133542962510584e-06
2017-06-29,1.3411628886474764e-05
2017-06-30,3.6489995355441507e-06
2017-07-03,8.986413205756545e-05
2017-07-04,2.4684233896433567e-06
2017-07-05,8.846558171376357e-05
2017-07-06,8.531814652167836e-05
2017-07-07,7.957981724541297e-06
2017-07-10,6.461956020875195e-06
2017-07-11,1.3314569560726873e-05
2017-07-12,5.703374294895383e-06
2017-07-13,8.18983880562009e-06
2017-07-14,6.334840475238829e-06
2017-07-17,2.0702452012212743e-06
2017-07-18,1.9547315891212427e-05
2017-07-19,2.758541777853172e-05
2017-07-20,1.416369569171911e-05
2017-07-21,1.0459851349588948e-05
2017-07-24,6.677197393305544e-06
2017-07-25,8.411119231373013e-07
2017-07-26,0.00015403001701080508
2017-07-27,1.4173415874862038e-05
2017-07-28,1.5108130462951799e-05
2017-07-31,1.297767962137212e-05
2017-08-01,1.7636782144326707e-06
2017-08-02,3.2141356858257644e-06
2017-08-03,5.191521367127853e-06
2017-08-04,8.268422501986516e-06
2017-08-07,3.557711815374419e-06
2017-08-08,1.0433174902424381e-05
2017-08-09,7.787052876001077e-06
2017-08-10,3.3085814718521907e-06
2017-08-11,7.461436846695844e-06
2017-08-14,2.0844861954395286e-05
2017-08-15,5.263031067777029e-06
2017-08-16,1.2147729959488016e-05
2017-08-17,4.166722957157556e-05
2017-08-18,1.0298056392782307e-05
2017-08-21,2.4504719160654137e-06
2017-08-22,2.0145931962804175e-06
2017-08-23,2.35055524944075e-06
2017-08-24,2.2584541789929594e-06
2017-08-25,4.506698262960157e-06
2017-08-28,1.0773394724460025e-05
2017-08-29,4.379629167419033e-06
2017-08-30,1.325718100117996e-05
2017-08-31,1.3907332063146503e-05
2017-09-01,2.9255697215966464e-06
2017-09-04,2.889627197724294e-06
2017-09-05,6.007046485465677e-06
2017-09-06,4.830019993859507e-06
2017-09-07,2.6814167759652566e-06
2017-09-08,2.875168977563819e-06
2017-09-11,8.102916471025409e-06
2017-09-12,5.934504693028801e-06
2017-09-13,2.8413075996596565e-06
2017-09-14,1.1750915977348315e-05
2017-09-15,8.9422591025572e-06
2017-09-18,2.7101296461054906e-06
2017-09-19,5.105790941691689e-06
2017-09-20,4.145624377766603e-06
2017-09-21,1.7023426377080743e-05
2017-09-22,1.7383415364504276e-05
2017-09-25,8.973744950456567e-07
2017-09-26,3.0057667708426572e-06
2017-09-27,2.6223497277765792e-05
2017-09-28,3.892602280298193e-06
2017-09-29,6.582217367510111e-06
2017-10-09,9.607000614046298e-07
2017-10-10,1.783351649271353e-05
2017-10-11,1.5009844398298222e-06
2017-10-12,9.275958423238286e-07
2017-10-13,1.2790362607695214e-06
2017-10-16,1.1741662739401457e-06
2017-10-17,3.1901560152695663e-06
2017-10-18,2.3262697610471026e-06
2017-10-19,3.133323269514488e-05
2017-10-20,1.122600173636732e-05
2017-10-23,5.260675018626746e-07
2017-10-24,1.513743146295314e-06
2017-10-25,1.0245888260414273e-05
2017-10-26,1.0202671656367492e-06
2017-10-27,4.681317350246236e-06
2017-10-30,2.0432020296710635e-05
2017-10-31,2.730235129390472e-05
2017-11-01,2.7473049727980898e-05
2017-11-02,8.289760370648884e-06
2017-11-03,3.1428562584171446e-06
2017-11-06,2.5506744859005603e-05
2017-11-07,1.1055799034932732e-05
2017-11-08,9.773350769468441e-06
2017-11-09,2.096654729061993e-05
2017-11-10,6.997153570690487e-06
2017-11-13,1.3936081024895616e-05
2017-11-14,4.6855795462150825e-05
2017-11-15,1.4613438155340132e-05
2017-11-16,1.861553437451431e-05
2017-11-17,6.511722257397764e-06
2017-11-20,1.2943960860089227e-05
2017-11-21,6.744110960730229e-06
2017-11-22,2.6765746981998282e-05
2017-11-23,1.3036300619809062e-05
2017-11-24,3.423000897773331e-05
2017-11-27,6.237352341095348e-06
2017-11-28,9.784582813184662e-06
2017-11-29,2.8378926466685607e-06
2017-11-30,8.191460558167295e-06
2017-12-01,3.1484744100230554e-05
2017-12-04,1.0405318022739846e-05
2017-12-05,7.768491467102342e-06
2017-12-06,2.7247043615113564e-05
2017-12-07,0.0001359334624236602
2017-12-08,3.4851831807442616e-05
2017-12-11,9.69254021794689e-06
2017-12-12,7.686733429275707e-06
2017-12-13,7.887895348537336e-06
2017-12-14,4.11765120983279e-06
2017-12-15,3.6130093682141e-05
2017-12-18,5.0558064150105845e-06
2017-12-19,7.350141599597036e-06
2017-12-20,9.159489955355545e-06
2017-12-21,1.3106236901958696e-06
2017-12-22,6.361260612400548e-06
2017-12-25,4.99472318307492e-06
2017-12-26,1.161869716346949e-05
2017-12-27,1.0495032409485454e-05
2017-12-28,1.621697545190014e-05
2017-12-29,3.898115027227855e-05
2018-01-02,6.3736765139546725e-06
2018-01-03,7.662472500464062e-06
2018-01-04,8.567377222701005e-06
2018-01-05,9.198184747589162e-06
2018-01-08,2.1838530167523836e-06
2018-01-09,2.861933593120168e-06
2018-01-10,2.028406740383612e-06
2018-01-11,3.2094152170982285e-06
2018-01-12,3.326329406992845e-06
2018-01-15,4.109025075843785e-05
2018-01-16,4.8863062491422205e-06
2018-01-17,2.9028380973860903e-06
2018-01-18,0.0001678609281171472
2018-01-19,0.00015867073607260437
2018-01-22,7.003975541932599e-06
2018-01-23,4.8367556275412745e-06
2018-01-24,1.0714864914553607e-05
2018-01-25,2.5271268161721173e-06
2018-01-26,0.00016641452584322452
2018-01-29,1.2121899713842938e-05
2018-01-30,1.9267428323199635e-05
2018-01-31,1.839750525590104e-05
2018-02-01,1.1416281270455756e-05
2018-02-02,2.3826447087936345e-06
2018-02-05,1.8471695760438334e-06
2018-02-06,3.5992148679647685e-05
2018-02-07,4.723444211337493e-05
2018-02-08,2.640670151697235e-05
2018-02-09,1.8440589064313389e-06
2018-02-12,3.2209263810960595e-05
2018-02-13,3.466760764324197e-06
2018-02-14,6.178587674956781e-06
2018-02-22,7.800487601593738e-06
2018-02-23,4.228635608077694e-06
2018-02-26,2.088841257125572e-06
2018-02-27,5.207781852351133e-06
2018-02-28,1.1885211939446777e-06
2018-03-01,2.0167277251086254e-06
2018-03-02,1.7909977624993784e-05
2018-03-05,3.0110122941208394e-06
2018-03-06,2.556252439294606e-06
2018-03-07,3.2998340976418647e-06
2018-03-08,2.731898985381127e-06
2018-03-09,1.34587518661625e-06
2018-03-12,0.00014462352569547855
2018-03-13,0.0001417207907682711
2018-03-14,1.622561987652829e-06
2018-03-15,2.2114463260238006e-06
2018-03-16,0.00014329276088422238
2018-03-19,3.4349440381027284e-06
2018-03-20,1.811913320762998e-06
2018-03-21,4.648819168458867e-06
2018-03-22,7.827676330109876e-07
2018-03-23,1.4668266216749892e-05
2018-03-26,6.048004722796912e-06
2018-03-27,7.550379331412526e-05
2018-03-28,1.2813305366262496e-05
2018-03-29,1.0383419082881273e-05
2018-03-30,1.4968054537433415e-05
2018-04-02,7.955999724743802e-06
2018-04-03,2.195082316211877e-07
2018-04-04,9.078991440950086e-06
2018-04-09,4.5421805960224604e-07
2018-04-10,3.6756611262492403e-06
2018-04-11,8.462463042988883e-06
2018-04-12,5.7359113999071875e-06
2018-04-13,4.488901453888881e-06
2018-04-16,5.7190765069390115e-06
2018-04-17,1.9489111896326727e-05
2018-04-18,4.976737712812159e-06
2018-04-19,4.893964339811608e-05
2018-04-20,1.573038232540616e-05
2018-04-23,3.915485354694145e-06
2018-04-24,6.040860720178384e-06
2018-04-25,8.69859521030366e-06
2018-04-26,1.1088688144253133e-05
2018-04-27,5.573976114967256e-06
2018-05-02,7.87107799608271e-06
2018-05-03,3.024279498064813e-06
2018-05-04,2.71566582396195e-06
2018-05-07,7.823877628067199e-06
2018-05-08,8.27195753036428e-06
2018-05-09,5.2341718295433115e-06
2018-05-10,1.344628508349422e-05
2018-05-11,2.030207345682506e-06
2018-05-14,5.29058517406325e-07
2018-05-15,2.8579820150493076e-06
2018-05-16,9.78410367232686e-06
2018-05-17,2.6783908503075996e-05
2018-05-18,3.10854378498511e-06
2018-05-21,6.1972287230473956e-06
2018-05-22,1.0207881734778344e-06
2018-05-23,4.789551177301628e-06
2018-05-24,9.546794920766495e-06
2018-05-25,1.1987504589857579e-05
2018-05-28,7.94709429256317e-06
2018-05-29,1.576906560328191e-05
2018-05-30,6.059860332163651e-06
2018-05-31,7.069025876630671e-06
2018-06-01,1.1368855446992101e-05
2018-06-04,3.9110636639047385e-05
2018-06-05,4.7833662599963627e-05
2018-06-06,0.0006965574785236373
2018-06-07,0.0006536633159305475
2018-06-08,5.428756661470316e-07
2018-06-11,8.008976686114004e-06
2018-06-12,3.442055498939521e-06
2018-06-13,1.542172835504953e-05
2018-06-14,2.1689199943335616e-06
2018-06-15,0.0006497712578044057
2018-06-19,2.4345124834914826e-06
2018-06-20,1.10934890451099e-05
2018-06-21,5.006483388586221e-06
2018-06-22,4.3334638780407505e-06
2018-06-25,7.59652100659082e-06
2018-06-26,4.784098188941166e-06
2018-06-27,5.286984167142461e-06
2018-06-28,4.9798417877152425e-06
2018-06-29,4.8718128050538655e-05
2018-07-02,9.109598343363254e-05
2018-07-03,5.676201367305605e-06
2018-07-04,9.10426900420088e-06
2018-07-05,4.141087138742047e-06
2018-07-06,5.11237308128916e-07
2018-07-09,3.5271216131290315e-06
2018-07-10,1.7094706497630007e-05
2018-07-11,5.587306198175414e-06
2018-07-12,7.874393577941782e-06
2018-07-13,9.215784651018675e-06
2018-07-16,2.4001314863074837e-06
2018-07-17,7.104309052164369e-06
2018-07-18,3.3846590698528995e-06
2018-07-19,4.619425321879374e-05
2018-07-20,8.167316503895077e-06
2018-07-23,4.185331388467908e-06
2018-07-24,9.179411200902883e-06
2018-07-25,8.079875323413039e-05
2018-07-26,4.7427961629406545e-07
2018-07-27,6.901625962864463e-06
2018-07-30,0.000585691595423327
2018-07-31,0.0005764113280704245
2018-08-01,8.3029368857226e-06
2018-08-02,1.9590020736022326e-05
2018-08-03,7.808184414610304e-06
2018-08-06,8.41216979381202e-06
2018-08-07,5.1156584322523785e-06
2018-08-08,8.705371540190948e-06
2018-08-09,7.2379804978895225e-06
2018-08-10,1.0372771304074058e-05
2018-08-13,7.99338782180747e-06
2018-08-14,3.4607601062277285e-06
2018-08-15,3.8295841064971316e-05
2018-08-16,3.435654310501841e-05
2018-08-17,5.940948135259694e-05
2018-08-20,9.893891730643405e-05
2018-08-21,1.8597791617059323e-05
2018-08-22,1.053125892737055e-05
2018-08-23,2.1978266915092386e-06
2018-08-24,3.1543011551664336e-06
2018-08-27,4.7024984239241665e-06
2018-08-28,1.3409978192787948e-05
2018-08-29,2.3824711633659845e-06
2018-08-30,4.347322029897404e-06
2018-08-31,6.4914944076542095e-06
2018-09-03,3.943676309887296e-06
2018-09-04,3.2890462535067613e-06
2018-09-05,2.442860321875767e-06
2018-09-06,6.725673127727122e-06
2018-09-07,9.3623622588929e-06
2018-09-10,6.26338249005462e-06
2018-09-11,5.350083045329239e-06
2018-09-12,7.654512752542607e-06
2018-09-13,9.309671479574878e-06
2018-09-14,8.917473293197614e-06
2018-09-17,2.8770155519198053e-06
2018-09-18,1.200300784938705e-05
2018-09-19,9.0297398877408e-06
2018-09-20,4.845040362711887e-06
2018-09-21,2.1737912735414233e-06
2018-09-25,8.537647625660107e-06
2018-09-26,9.707068983883495e-06
2018-09-27,2.7703416992454178e-06
2018-09-28,8.550416978993402e-06
2018-10-08,1.5442411935579464e-05
2018-10-09,4.842715287096378e-05
2018-10-10,5.03715778094091e-07
2018-10-11,5.8222479882425165e-05
2018-10-12,6.101344650627068e-05
2018-10-15,3.596292791294592e-05
2018-10-16,1.0013917946639926e-05
2018-10-17,3.308981070547085e-07
2018-10-18,8.507238590608018e-06
2018-10-19,5.906619778085001e-06
2018-10-22,4.2872807788606955e-06
2018-10-23,1.1783851469584175e-05
2018-10-24,5.897471706420653e-06
2018-10-25,1.7459513995963344e-06
2018-10-26,1.0749966791870129e-05
2018-10-29,1.4781556280945054e-06
2018-10-30,3.4629943388278795e-06
2018-10-31,2.919343836582499e-06
2018-11-01,1.857013874593826e-05
2018-11-02,1.1197327930465746e-06
2018-11-05,1.3917526241647456e-05
2018-11-06,4.619826378987658e-06
2018-11-07,4.562424172898285e-06
2018-11-08,5.251076227706136e-06
2018-11-09,5.447346518590773e-06
2018-11-12,1.6794167473119064e-06
2018-11-13,7.639858014689687e-06
2018-11-14,4.3698509582479685e-06
2018-11-15,7.736614195806068e-06
2018-11-16,2.2783654353765602e-05
2018-11-19,5.652237426003459e-07
2018-11-20,1.562682433268344e-06
2018-11-21,1.684853980776357e-05
2018-11-22,2.673302105602408e-06
2018-11-23,2.6425978552748057e-06
2018-11-26,7.194547094387339e-05
2018-11-27,2.413603673733885e-06
2018-11-28,3.093479255201207e-06
2018-11-29,9.64906501576348e-06
2018-11-30,2.3231267448283607e-05
2018-12-03,4.263505888089457e-06
2018-12-04,1.3461438170413412e-05
2018-12-05,1.99017333401916e-05
2018-12-06,8.953941616041528e-06
2018-12-07,3.4192343755750643e-06
2018-12-10,2.1903935598229436e-06
2018-12-11,3.414733964538137e-05
2018-12-12,5.12979748691442e-06
2018-12-13,8.954180978183627e-06
2018-12-14,1.1714923015137893e-05
2018-12-17,6.313770174247852e-06
2018-12-18,3.028714318061256e-06
2018-12-19,6.196425969736092e-05
2018-12-20,2.0432968713585793e-06
2018-12-21,1.2519204213950485e-05
2018-12-24,5.1009767354976005e-06
2018-12-25,4.519494039036828e-06
2018-12-26,1.5811651521654245e-05
2018-12-27,8.886854470197061e-07
2018-12-28,2.2750787051727963e-05
2019-01-02,5.8491029375408064e-05
2019-01-03,2.2158750020600738e-05
2019-01-04,7.751759487249033e-05
2019-01-07,1.9219593795978537e-05
2019-01-08,5.740378070360917e-05
2019-01-09,7.835570117833382e-06
2019-01-10,5.996813865581086e-06
2019-01-11,2.664105603276783e-07
2019-01-14,9.830707979485432e-06
2019-01-15,3.190589000569202e-06
2019-01-16,6.7975654313229555e-06
2019-01-17,9.593617200053667e-07
2019-01-18,1.3561270209064836e-06
2019-01-21,0.00020814323037813464
2019-01-22,3.2288888020323113e-06
2019-01-23,3.493730581930577e-06
2019-01-24,1.730636217592025e-06
2019-01-25,5.2522746663227526e-05
2019-01-28,1.2815673174027265e-06
2019-01-29,2.3954186016311127e-05
2019-01-30,1.8314596947139294e-06
2019-01-31,1.2047479621005337e-06
2019-02-01,5.088910460586932e-06
2019-02-11,6.345208687903885e-06
2019-02-12,1.0215152555474227e-05
2019-02-13,2.2006403596193244e-06
2019-02-14,5.537299117196218e-05
2019-02-15,5.782557786777828e-06
2019-02-18,9.95359157127269e-06
2019-02-19,5.970783252558086e-06
2019-02-20,2.605803962641342e-06
2019-02-21,8.695592056210836e-06
2019-02-22,1.2562754979536187e-05
2019-02-25,1.2930051928926857e-05
2019-02-26,3.080373428011476e-05
2019-02-27,3.040295285044184e-05
2019-02-28,3.904463007113676e-05
2019-03-01,9.920857528440536e-06
2019-03-04,2.8315917265944214e-06
2019-03-05,0.00019293533014802134
2019-03-06,2.5829712920691985e-06
2019-03-07,8.628476395102958e-05
2019-03-08,0.00023420793500620406
2019-03-11,1.3033069826278481e-05
2019-03-12,5.90578228277034e-07
2019-03-13,7.657850619126247e-06
2019-03-14,3.7332685175861387e-06
2019-03-15,1.1059012080035514e-06
2019-03-18,5.529417373843701e-07
2019-03-19,2.807965026392915e-06
2019-03-20,6.026389938032509e-06
2019-03-21,4.805499267959562e-07
2019-03-22,9.166859899410817e-06
2019-03-25,7.274960095084028e-06
2019-03-26,1.6034346417118037e-05
2019-03-27,8.658468532312964e-06
2019-03-28,4.216959195894533e-06
2019-03-29,2.3149187064090554e-06
2019-04-01,4.51329002552068e-05
2019-04-02,5.469843390320764e-06
2019-04-03,2.9121296469785883e-07
2019-04-04,3.0502694646920382e-05
2019-04-08,0.00013242827734931956
2019-04-09,0.00015351983922632365
2019-04-10,2.82877225513619e-07
2019-04-11,3.4267727624306065e-05
2019-04-12,4.6932946508598804e-05
2019-04-15,1.3139710487231518e-05
2019-04-16,2.9827699078531606e-06
2019-04-17,4.681177841141543e-06
2019-04-18,2.273035096163854e-06
2019-04-19,5.405581425566724e-06
2019-04-22,2.7175555524098434e-06
2019-04-23,7.172804292538363e-06
2019-04-24,5.578937811886356e-06
2019-04-25,7.500315790219131e-06
2019-04-26,3.48964619062999e-06
2019-04-29,3.175793326076315e-06
2019-04-30,6.226858655902397e-06
2019-05-06,1.6763298596177713e-05
2019-05-07,4.95031678258345e-05
2019-05-08,1.2970510136649277e-05
2019-05-09,1.291388983453999e-05
2019-05-10,4.680361291873084e-05
2019-05-13,4.572886339055768e-06
2019-05-14,6.074286159400533e-06
2019-05-15,1.993559368856428e-05
2019-05-16,8.303138020509772e-06
2019-05-17,2.71127288604827e-06
2019-05-20,4.1339020813768e-06
2019-05-21,8.244562604399499e-06
2019-05-22,0.00015171603164166835
2019-05-23,4.80099890272083e-07
2019-05-24,0.00015425355268463867
2019-05-27,4.352330750892891e-06
2019-05-28,0.00017115626251709584
2019-05-29,7.4899729925504974e-06
2019-05-30,3.862355199943827e-06
2019-05-31,4.5732874045831715e-06
2019-06-03,1.5532426210039273e-05
2019-06-04,1.7454071736356214e-05
2019-06-05,0.0001833015356206833
2019-06-06,1.5234250112795226e-05
2019-06-10,2.5215915015676104e-06
2019-06-11,1.1247751045053249e-05
2019-06-12,1.264630873635337e-05
2019-06-13,9.436408747975345e-06
2019-06-14,5.837118482930095e-07
2019-06-17,9.80968061797322e-06
2019-06-18,1.4508197511526503e-05
2019-06-19,1.3715648088513979e-06
2019-06-20,7.285690003403102e-06
2019-06-21,1.9244918221876833e-05
2019-06-24,2.3647953341658368e-06
2019-06-25,2.2541745948328023e-06
2019-06-26,1.0254515692690421e-05
2019-06-27,1.1841864364439362e-05
2019-06-28,8.480782387707448e-07
2019-07-01,3.6694462168950643e-07
2019-07-02,2.329903914865254e-05
2019-07-03,5.57667384789343e-06
2019-07-04,4.684953416653688e-05
2019-07-05,1.1233198367495433e-05
2019-07-08,1.004384906697773e-06
2019-07-09,7.916590147204454e-06
2019-07-10,2.5252992996580466e-06
2019-07-11,2.80499513488848e-06
2019-07-12,5.80976521141029e-06
2019-07-15,1.544474067789299e-06
2019-07-16,7.249515627467222e-07
2019-07-17,1.8748866794065338e-06
2019-07-18,2.1715878233976723e-06
2019-07-19,4.686815454800455e-06
2019-07-22,6.204549417992736e-05
2019-07-23,4.541638522271869e-06
2019-07-24,2.715831178039991e-06
2019-07-25,9.764463179006943e-07
2019-07-26,5.675406312181169e-05
2019-07-29,5.79261070091545e-05
2019-07-30,5.87913868236669e-07
2019-07-31,2.2128179115973868e-07
2019-08-01,7.607808085194734e-06
2019-08-02,9.24754067114917e-06
2019-08-05,9.198080382777624e-06
2019-08-06,4.324003594076723e-05
2019-08-07,5.720558151824505e-06
2019-08-08,5.7033103886753395e-05
2019-08-09,9.66911754450632e-06
2019-08-12,1.3255512848333178e-05
2019-08-13,5.236864179029049e-06
2019-08-14,1.0546043213528769e-05
2019-08-15,1.1084994846366734e-05
2019-08-16,1.2236354901888284e-05
2019-08-19,4.790771860234001e-06
2019-08-20,8.355007217190492e-06
2019-08-21,1.889031587858206e-06
2019-08-22,4.2478816030987883e-07
2019-08-23,6.103347948692092e-07
2019-08-26,1.42100860896614e-05
2019-08-27,1.4839781795279735e-05
2019-08-28,3.990688725071967e-06
2019-08-29,4.798235104446491e-07
2019-08-30,1.4161567538164138e-06
2019-09-02,8.527032273845885e-06
2019-09-03,2.546151565517768e-06
2019-09-04,3.8652258000463796e-06
2019-09-05,3.6595576462647854e-06
2019-09-06,2.186774746402324e-06
2019-09-09,3.530915609562654e-05
2019-09-10,4.9790262700299755e-06
2019-09-11,1.4869503316260851e-05
2019-09-12,3.2467298266627353e-06
2019-09-16,2.3451754392072693e-06
2019-09-17,1.2436700516369813e-05
2019-09-18,1.4544214924064692e-05
2019-09-19,9.502255726847282e-05
2019-09-20,8.702752842614322e-05
2019-09-23,8.711657344129612e-07
2019-09-24,3.1109801967976434e-06
2019-09-25,9.59461487729022e-07
2019-09-26,9.13392334752275e-06
2019-09-27,5.000540968729761e-06
2019-09-30,3.2496973930200325e-06
2019-10-08,1.9815873159602814e-05
2019-10-09,3.845627284728467e-06
2019-10-10,7.0158193870444726e-06
2019-10-11,2.3131376526027424e-06
2019-10-14,6.265030716408163e-06
2019-10-15,4.489054628296744e-06
2019-10-16,1.2993488827397828e-06
2019-10-17,2.398167634403873e-06
2019-10-18,9.416633960845112e-07
2019-10-21,7.1606323449987485e-06
2019-10-22,2.729944116848244e-05
2019-10-23,3.629441672633224e-06
2019-10-24,5.743790593204581e-06
2019-10-25,1.0245975290760976e-06
2019-10-28,3.466926639017591e-06
2019-10-29,1.3556511850914808e-05
2019-10-30,3.0541081112248627e-06
2019-10-31,4.033724028428328e-06
2019-11-01,1.6709437921716212e-06
2019-11-04,1.5142562614556841e-05
2019-11-05,1.6667824037568842e-06
2019-11-06,6.270577584797637e-06
2019-11-07,7.64894596318081e-06
2019-11-08,2.5664396757571413e-06
2019-11-11,8.362977617245151e-06
2019-11-12,1.1144004027687686e-05
2019-11-13,1.8641076493805045e-06
2019-11-14,4.590089938642458e-06
2019-11-15,2.4658602065550927e-06
2019-11-18,4.392589632256787e-06
2019-11-19,4.86907933209414e-05
2019-11-20,5.906934864553577e-06
2019-11-21,4.546311057686988e-06
2019-11-22,2.813818920035835e-06
2019-11-25,3.4616269910885677e-06
2019-11-26,4.15067599657885e-06
2019-11-27,1.444580161807972e-05
2019-11-28,1.96267893477416e-06
2019-11-29,7.398038265298523e-07
2019-12-02,1.2361275424771983e-05
2019-12-03,8.01977692766856e-06
2019-12-04,1.1150278225213611e-05
2019-12-05,2.248670830361952e-05
2019-12-06,5.714974211875938e-06
2019-12-09,2.6633209859098783e-06
2019-12-10,1.7785264592772202e-05
2019-12-11,3.290154424731854e-06
2019-12-12,2.742301625034034e-07
2019-12-13,3.3288030164107772e-06
2019-12-16,2.773357991501971e-05
2019-12-17,4.879034141950206e-06
2019-12-18,7.657043002038733e-06
2019-12-19,7.437804633576843e-06
2019-12-20,1.8953452522115326e-06
2019-12-23,8.278370065332622e-06
2019-12-24,8.677380970733513e-06
2019-12-25,4.698250528070055e-05
2019-12-26,2.9363117743744816e-06
2019-12-27,4.375872665888625e-06
2019-12-30,1.4551092227615422e-05
2019-12-31,6.147004294124865e-06
2020-01-02,6.496767838131693e-06
2020-01-03,7.862239628174942e-05
2020-01-06,1.7298976308492018e-05
2020-01-07,2.856974616238303e-05
2020-01-08,1.4462221196785162e-05
2020-01-09,1.618889308772576e-05
2020-01-10,4.408937689384167e-05
2020-01-13,8.946658898481956e-06
2020-01-14,4.253029828649776e-06
2020-01-15,4.937348916345019e-06
2020-01-16,4.965873263568923e-06
2020-01-17,1.5552688843538118e-05
2020-01-20,2.0731458663756954e-06
2020-01-21,1.0437927559983025e-05
2020-01-22,5.49619809783404e-05
2020-01-23,1.711954757905273e-05
2020-02-03,5.069114779632414e-05
2020-02-04,7.84258125344045e-05
2020-02-05,3.967145127146057e-05
2020-02-06,1.3245677874940777e-05
2020-02-07,9.590183148415136e-06
2020-02-10,1.9144100543204564e-06
2020-02-11,3.0087926498729293e-07
2020-02-12,6.589004376636135e-06
2020-02-13,1.6496678251293334e-06
2020-02-14,1.2172842012722826e-05
2020-02-17,1.2639943934761783e-05
2020-02-18,3.0690449967692088e-06
2020-02-19,5.426140949501848e-06
2020-02-20,6.997034739367088e-06
2020-02-21,4.778756980043632e-06
2020-02-24,1.8000497993421938e-05
2020-02-25,1.6842223408931046e-05
2020-02-26,2.173444956414184e-05
2020-02-27,3.4372541465380396e-06
2020-02-28,8.020722815452616e-06
2020-03-02,2.6191064956248734e-05
2020-03-03,2.5051310418046077e-05
2020-03-04,7.489492430524033e-07
2020-03-05,1.0171597583208784e-05
2020-03-06,3.6527461437963134e-06
2020-03-09,9.172390490389059e-06
2020-03-10,2.2261683637656422e-05
2020-03-11,3.0579715442005764e-06
2020-03-12,4.931567721208303e-06
2020-03-13,1.202924166186312e-05
2020-03-16,1.2647723566006547e-05
2020-03-17,1.820117294306023e-05
2020-03-18,2.1696737346733198e-05
2020-03-19,6.2755302610829625e-06
2020-03-20,4.237534238697913e-06
2020-03-23,6.551852012592487e-06
2020-03-24,1.2658339483547207e-05
2020-03-25,2.9107839685128057e-05
2020-03-26,7.748930242831642e-06
2020-03-27,1.8837886487098055e-06
2020-03-30,4.7008939875574713e-07
2020-03-31,6.52467026647955e-07
2020-04-01,1.6740883547531788e-06
2020-04-02,1.5871225972729635e-06
2020-04-03,2.9440222398732092e-06
2020-04-07,3.644215642606696e-07
2020-04-08,1.3086050765576489e-05
2020-04-09,1.002691202533243e-05
2020-04-10,6.775067735242009e-07
2020-04-13,8.198540687764357e-06
2020-04-14,3.4776154224908096e-07
2020-04-15,4.046086625802952e-06
2020-04-16,0.00011570797879218717
2020-04-17,4.21647708992778e-06
2020-04-20,4.737995085812852e-06
2020-04-21,4.504338291285402e-07
2020-04-22,2.4596525887644467e-06
2020-04-23,6.786034210975168e-06
2020-04-24,4.869688763416813e-06
2020-04-27,1.3110302538239839e-06
2020-04-28,3.5507653517494778e-06
2020-04-29,2.3893053835223575e-06
2020-04-30,4.254917895019899e-06
2020-05-06,1.4905906230620475e-05
2020-05-07,1.366047591469196e-05
2020-05-08,5.2356136434991924e-05
2020-05-11,1.7411339103499783e-06
2020-05-12,0.00014045954058880598
2020-05-13,2.3802952652588575e-06
2020-05-14,6.585450382678749e-07
2020-05-15,3.919534456460459e-06
2020-05-18,0.0001403304725340782
2020-05-19,1.5484493367132128e-05
2020-05-20,8.576060558181837e-06
2020-05-21,1.0576949315986538e-05
2020-05-22,4.4800639444317405e-06
2020-05-25,1.3539458817003257e-05
2020-05-26,7.419210250358948e-06
2020-05-27,2.384103865884106e-05
2020-05-28,3.008910848605589e-06
2020-05-29,4.548974254577877e-06
2020-06-01,2.562246892967909e-06
2020-06-02,2.2071939230662773e-05
2020-06-03,1.8522193714631944e-05
2020-06-04,4.712984704076329e-06
2020-06-05,3.246329196968215e-06
2020-06-08,2.2177896914017182e-06
2020-06-09,1.3516047261740757e-05
2020-06-10,9.01979503687476e-06
2020-06-11,4.751232450144263e-06
2020-06-12,0.00015601205071469343
2020-06-15,4.985798743320887e-06
2020-06-16,0.00015297231980185738
2020-06-17,0.0001640977932280248
2020-06-18,1.0355960450360368e-05
2020-06-19,2.1167769233443774e-06
2020-06-22,4.777495072011799e-06
2020-06-23,4.996326795676631e-06
2020-06-24,1.540772537788937e-05
2020-06-29,2.3332420588880546e-05
2020-06-30,6.553891653376439e-06
2020-07-01,4.460490256304517e-06
2020-07-02,1.4161778470087042e-05
2020-07-03,1.5363811449558312e-05
2020-07-06,5.785284598331782e-06
2020-07-07,4.573630913318699e-05
2020-07-08,3.552095278909279e-06
2020-07-09,8.270960984861943e-07
2020-07-10,2.729598698383316e-06
2020-07-13,8.005135589239098e-06
2020-07-14,6.619501320465557e-06
2020-07-15,1.5506205091664873e-05
2020-07-16,4.900417463137543e-06
2020-07-17,1.2502617291138188e-05
2020-07-20,5.093612841691391e-06
2020-07-21,2.1574703531004535e-06
2020-07-22,1.7332545927229526e-05
2020-07-23,4.296850860383596e-05
2020-07-24,4.377202051772059e-06
2020-07-27,1.999562385245253e-05
2020-07-28,2.4807774636896554e-05
2020-07-29,3.23205990477303e-06
2020-07-30,2.5827945659022584e-06
2020-07-31,6.73018512460238e-06
2020-08-03,2.3562789535888433e-06
2020-08-04,3.024766473566115e-06
2020-08-05,2.395057877036415e-06
2020-08-06,2.6513424285228135e-05
2020-08-07,1.1463644569283601e-06
2020-08-10,3.4792784520983054e-06
2020-08-11,5.331840506740366e-06
2020-08-12,2.1771579624332457e-05
2020-08-13,4.1602099957767214e-05
2020-08-14,7.56385276135349e-06
2020-08-17,2.9705311897944218e-06
2020-08-18,2.0116442039415443e-06
2020-08-19,2.6927989265550374e-06
2020-08-20,5.069289421773121e-06
2020-08-21,4.7243465445738005e-06
2020-08-24,1.1502453190000324e-05
2020-08-25,2.143154700823071e-05
2020-08-26,1.082463935008391e-05
2020-08-27,5.7507544985181055e-06
2020-08-28,5.211018872516734e-06
2020-08-31,5.661636049320174e-06
2020-09-01,7.225015316517178e-06
2020-09-02,2.2254294063296463e-05
2020-09-03,3.2046455746952317e-06
2020-09-04,3.760246585036424e-06
2020-09-07,1.7398768676976964e-05
2020-09-08,6.704256947230775e-06
2020-09-09,9.831442876190339e-06
2020-09-10,1.3994751292771578e-05
2020-09-11,9.119201065333906e-06
2020-09-14,1.3485571627764037e-06
2020-09-15,4.629498620987178e-06
2020-09-16,3.081994249981412e-06
2020-09-17,2.690809697462115e-06
2020-09-18,2.138504305233959e-06
2020-09-21,9.242471841849491e-06
2020-09-22,1.9591251430289663e-05
2020-09-23,1.07800804529353e-05
2020-09-24,0.000705723042819231
2020-09-25,6.345290731604818e-06
2020-09-28,3.067768868783995e-06
2020-09-29,2.223327146050922e-06
2020-09-30,7.029884035075221e-06
2020-10-09,0.0007185691218689885
2020-10-12,1.5985127237399236e-05
2020-10-13,1.114299243293905e-05
2020-10-14,0.0007386354267167125
2020-10-15,2.77918189204834e-06
2020-10-16,2.4498381493441787e-06
2020-10-19,1.059418096216427e-05
2020-10-20,0.0007246869178822622
2020-10-21,7.937097736242273e-07
2020-10-22,0.0007106864054955373
2020-10-23,0.0007089896319445456
2020-10-26,4.859475043623117e-06
2020-10-27,9.373911858724625e-07
2020-10-28,1.0538784741623816e-05
2020-10-29,1.0138633302170275e-06
2020-10-30,6.766602408614673e-06
2020-11-02,5.540209236428204e-06
2020-11-03,7.4625658600822145e-06
2020-11-04,1.6086496847635017e-05
2020-11-05,5.658602250740577e-06
2020-11-06,4.0304371669539835e-06
2020-11-09,5.23941670127125e-06
2020-11-10,0.0007112025059978853
2020-11-11,3.8681391325580926e-05
2020-11-12,6.814948944651147e-06
2020-11-13,1.678625099023768e-06
2020-11-16,1.21072400577167e-05
2020-11-17,1.1186844322480017e-05
2020-11-18,0.0007323184149047722
2020-11-19,4.885276640721571e-06
2020-11-20,1.3031819058619346e-06
2020-11-23,6.443648274708121e-07
2020-11-24,2.7589503907110472e-05
2020-11-25,2.4998003192438793e-05
2020-11-26,5.703998373251685e-06
2020-11-27,1.2782580222665575e-06
2020-11-30,4.324887924230192e-06
2020-12-01,1.526984734866922e-05
2020-12-02,7.731360114146945e-06
2020-12-03,7.258583317805722e-06
2020-12-04,4.310106319498817e-06
2020-12-07,9.845524801345103e-06
2020-12-08,4.282268852154303e-06
2020-12-09,6.313845615184549e-06
2020-12-10,4.147095431002628e-06
2020-12-11,3.3814403555964424e-06
2020-12-14,4.136317545450652e-06
2020-12-15,2.549111743250064e-06
2020-12-16,1.1237359811433182e-05
2020-12-17,3.464951942948968e-06
2020-12-18,0.0007352294665154721
2020-12-21,1.3584222099548052e-06
2020-12-22,2.258261545593835e-06
2020-12-23,0.0007355814016538598
2020-12-24,0.0007321195492760974
2020-12-25,1.8402245415337082e-06
2020-12-28,1.5175103455364794e-06
2020-12-29,7.3109979705927655e-06
2020-12-30,0.0007261275104453152
2020-12-31,0.0007300317495394016
2021-01-04,9.508071080889268e-06
2021-01-05,1.0564565991372245e-05
2021-01-06,5.450715644946159e-06
2021-01-07,1.6723064047171015e-05
2021-01-08,8.658089424166344e-06
2021-01-11,6.529898459663643e-06
2021-01-12,1.849146966959215e-05
2021-01-13,8.799100826478217e-06
2021-01-14,1.2253496827818718e-05
2021-01-15,1.0099229420157687e-05
2021-01-18,1.0262910663257183e-05
2021-01-19,1.03727508463639e-05
2021-01-20,1.1012897970196945e-05
2021-01-21,6.069518135679089e-06
2021-01-22,1.3961595602305733e-05
2021-01-25,0.0007093903316078692
2021-01-26,0.0007112181035448478
2021-01-27,0.0007112181035448479
2021-01-28,0.0006767762664796984
2021-01-29,0.0007053001617001387
2021-02-01,1.9060786244476103e-06
2021-02-02,5.7472828827924395e-06
2021-02-03,0.0007156982037738728
2021-02-04,4.5504884485396586e-06
2021-02-05,0.0007238079593957595
2021-02-08,0.000723495441015616
2021-02-09,2.5721113194444102e-06
2021-02-10,1.3320635416579158e-05
2021-02-18,6.318706546028293e-06
2021-02-19,2.550604195063661e-05
2021-02-22,2.348779973483787e-06
2021-02-23,0.0007625053868900567
2021-02-24,2.7351278774969454e-06
2021-02-25,0.0007649050672051413
2021-02-26,6.6296620383908184e-06
2021-03-01,6.824681097280058e-06
2021-03-02,5.0261915591833155e-06
2021-03-03,4.1792749509573216e-05
2021-03-04,2.2618377019864994e-06
2021-03-05,1.0328305822066137e-05
2021-03-08,1.1430801697285623e-06
2021-03-09,1.1209222456883398e-05
2021-03-10,3.6216304614234072e-06
2021-03-11,1.0176450283999425e-05
2021-03-12,5.448530011224837e-06
2021-03-15,3.947910084820587e-06
2021-03-16,3.279783529254735e-06
2021-03-17,4.56552346993102e-06
2021-03-18,1.0495977569543526e-06
2021-03-19,1.7317255814050768e-06
2021-03-22,1.2770728696380402e-05
2021-03-23,1.9441638417713857e-06
2021-03-24,2.8733965782086897e-05
2021-03-25,5.6583148754464825e-06
2021-03-26,1.4535411016542102e-06
2021-03-29,6.987027227096141e-06
2021-03-30,6.094951212605275e-08
2021-03-31,6.717031456666541e-06
2021-04-01,0.00010130773242459263
2021-04-02,1.6720626606034288e-05
2021-04-06,3.975941388295018e-06
2021-04-07,1.7855335152130464e-06
2021-04-08,5.263849784006431e-07
2021-04-09,9.339552834490385e-06
2021-04-12,2.1586323027249446e-06
2021-04-13,1.3339035792662757e-05
2021-04-14,1.5615795504119712e-05
2021-04-15,3.921758347094923e-06
2021-04-16,3.500820963351147e-06
2021-04-19,2.4469474688406066e-06
2021-04-20,5.883407623130003e-06
2021-04-21,6.584975314753966e-06
2021-04-22,9.753921103504239e-06
2021-04-23,5.3234375631652685e-06
2021-04-26,1.8087350657734066e-05
2021-04-27,8.903243614369421e-06
2021-04-28,0.0001080894353824911
2021-04-29,1.1529792572269327e-06
2021-04-30,3.4273356218019434e-06
2021-05-06,1.847024837743589e-06
2021-05-07,1.7524963525057107e-05
2021-05-10,4.416293189459995e-06
2021-05-11,1.422404784760259e-06
2021-05-12,1.1858058415007051e-05
2021-05-13,0.00010383538314503238
2021-05-14,1.0454344657398626e-05
2021-05-17,1.1117714785866828e-05
2021-05-18,4.137763664805925e-06
2021-05-19,1.7894661137854117e-06
2021-05-20,0.00011447455651970472
2021-05-21,5.403662379727444e-06
2021-05-24,5.469831125340868e-06
2021-05-25,0.00011585597474234385
2021-05-26,1.5826380788104062e-05
2021-05-27,6.620839464301538e-06
2021-05-28,3.4882684995385316e-06
2021-05-31,5.82215135302178e-06
2021-06-01,2.0139349087386498e-05
2021-06-02,6.604332265894779e-06
2021-06-03,1.6429542958054102e-05
2021-06-04,2.824295976237859e-06
2021-06-07,6.031314657263382e-06
2021-06-08,4.912931373279222e-06
2021-06-09,2.4325435832930067e-06
2021-06-10,6.532429345935294e-07
2021-06-11,1.5699410203417648e-06
2021-06-15,6.167125411793997e-06
2021-06-16,1.6444009503380234e-05
2021-06-17,2.021111065140953e-05
2021-06-18,9.801354950765814e-06
2021-06-21,1.1804791552838568e-05
2021-06-22,0.00010480651661738567
2021-06-23,9.865994173780297e-05
2021-06-24,3.6214655114387913e-06
2021-06-25,2.841461482553386e-06
2021-06-28,0.0001009875113372177
2021-06-29,0.00010117868166210278
2021-06-30,4.346999680355845e-06
2021-07-01,2.942905434241708e-06
2021-07-02,8.453527014735937e-06
2021-07-05,1.613314710047116e-05
2021-07-06,3.1131411012561976e-06
2021-07-07,4.169832325525507e-06
2021-07-08,4.087124157928104e-06
2021-07-09,7.671159266537604e-06
2021-07-12,1.391067568533069e-06
2021-07-13,3.6944130925387187e-06
2021-07-14,2.9287018886351683e-05
2021-07-15,2.8127283486831525e-06
2021-07-16,3.031930995009663e-05
2021-07-19,7.71663218099674e-06
2021-07-20,7.96823706938295e-06
2021-07-21,4.017637733216341e-06
2021-07-22,9.26115256655126e-07
2021-07-23,8.163157249528936e-06
2021-07-26,3.6612049659442998e-06
2021-07-27,1.7530443004283044e-05
2021-07-28,1.1847601391843116e-05
2021-07-29,5.093770263830318e-06
2021-07-30,4.766767826024792e-06
2021-08-02,9.57323736197643e-06
2021-08-03,1.106190342446459e-05
2021-08-04,4.304462436380809e-06
2021-08-05,4.096536104125151e-06
2021-08-06,3.041208216082652e-06
2021-08-09,4.8659509972165496e-06
2021-08-10,2.5820328289001398e-05
2021-08-11,3.6699961454561246e-06
2021-08-12,3.272943864572334e-06
2021-08-13,4.055842976183135e-06
2021-08-16,1.1381275557822784e-05
2021-08-17,0.0006793834848194423
2021-08-18,5.1051367361203175e-06
2021-08-19,4.409482795852262e-06
2021-08-20,1.7140280430009945e-05
2021-08-23,5.8019063044261434e-06
2021-08-24,8.680813025692402e-06
2021-08-25,6.7589188441998e-06
2021-08-26,6.247763307319676e-05
2021-08-27,9.202449465370847e-05
2021-08-30,5.791741569044089e-06
2021-08-31,3.2703907953080327e-06
2021-09-01,6.484931417157447e-06
2021-09-02,4.236022170384445e-06
2021-09-03,8.801523328138758e-07
2021-09-06,3.6908346006492254e-06
2021-09-07,3.260542058825436e-06
2021-09-08,2.9703187063312674e-06
2021-09-09,1.0114394769461788e-05
2021-09-10,3.140385418637499e-06
2021-09-13,4.248722649807153e-06
2021-09-14,2.0975552909515626e-06
2021-09-15,3.999005775193115e-06
2021-09-16,2.9934881987672932e-06
2021-09-17,5.932565033930316e-06
2021-09-22,3.3204129691335893e-06
2021-09-23,3.0572876094381786e-05
2021-09-24,5.228669137355525e-06
2021-09-27,2.233297437095848e-06
2021-09-28,2.8833052955341206e-06
2021-09-29,1.1791809815555579e-05
2021-09-30,9.818930059134457e-05
2021-10-08,5.742303941729306e-07
2021-10-11,8.38319330297872e-05
2021-10-12,7.936980436014152e-06
2021-10-13,6.8792182238492995e-06
2021-10-14,3.194424318514048e-06
2021-10-15,1.4429742999211481e-05
2021-10-18,5.271757645727338e-06
2021-10-19,3.496115570698306e-05
2021-10-20,5.565960183432469e-06
2021-10-21,8.437232027201605e-05
2021-10-22,9.512567254443088e-05
2021-10-25,9.072844023535054e-05
2021-10-26,1.1924411415277607e-06
2021-10-27,8.835120500674619e-05
2021-10-28,8.645698480047495e-06
2021-10-29,9.551537766570116e-06
2021-11-01,1.9038864409077345e-06
2021-11-02,6.9793484970106755e-06
2021-11-03,3.895502621106186e-06
2021-11-04,2.8938930847041896e-06
2021-11-05,6.511970879461877e-06
2021-11-08,8.922901347494996e-06
2021-11-09,3.5270119754175595e-06
2021-11-10,7.195007164107106e-06
2021-11-11,7.063187227094949e-06
2021-11-12,1.9021082592270635e-05
2021-11-15,1.0519378287756218e-05
2021-11-16,2.979997577945398e-06
2021-11-17,1.940103951031308e-06
2021-11-18,2.5270305217507187e-06
2021-11-19,4.606653748883908e-06
2021-11-22,6.238805165055383e-06
2021-11-23,9.690116442869267e-06
2021-11-24,2.1546632696691486e-05
2021-11-25,2.4194122194170604e-06
2021-11-26,7.348894223440685e-07
2021-11-29,1.9794855680807217e-05
2021-11-30,1.7761433478179775e-05
2021-12-01,1.744140535139176e-06
2021-12-02,2.5056992519959104e-06
2021-12-03,1.284570155831694e-05
2021-12-06,1.207217328791419e-05
2021-12-07,1.934130216463976e-05
2021-12-08,4.129698440831546e-06
2021-12-09,2.108033757781825e-05
2021-12-10,1.021152213132641e-05
2021-12-13,1.2731150180495982e-06
2021-12-14,5.5979488181178605e-06
2021-12-15,9.330708944118971e-06
2021-12-16,1.0959656908459167e-05
2021-12-17,1.179639896639681e-05
2021-12-20,9.643797820706098e-05
2021-12-21,8.221742038105767e-06
2021-12-22,2.3648530827612788e-06
2021-12-23,8.838879436922562e-07
2021-12-24,8.062819764668104e-06
2021-12-27,5.582781813395412e-07
2021-12-28,3.931670143627265e-06
2021-12-29,4.503188141806561e-06
2021-12-30,7.067670072013905e-06
2021-12-31,3.8975374708399846e-05
2022-01-04,6.921564355677909e-06
2022-01-05,2.8462741839116944e-06
2022-01-06,7.368347672975043e-06
2022-01-07,7.4726523179860905e-06
2022-01-10,8.961147336972758e-05
2022-01-11,4.8792581789186036e-06
2022-01-12,3.2646982249449827e-06
2022-01-13,9.062440844983169e-06
2022-01-14,8.212115622863869e-05
2022-01-17,2.4494502846457276e-05
2022-01-18,2.2980387254710465e-06
2022-01-19,3.347972493025016e-05
2022-01-20,4.337738002998922e-06
2022-01-21,1.646902958198871e-05
2022-01-24,1.5097373360625926e-05
2022-01-25,3.675593590113134e-05
2022-01-26,0.00010519704348629508
2022-01-27,0.0001681771762543254
2022-01-28,3.725921341436626e-05
2022-02-07,5.944029364078965e-06
2022-02-08,2.1335750803686432e-05
2022-02-09,2.074473781831263e-06
2022-02-10,6.181250777474577e-06
2022-02-11,1.3303354896140318e-06
2022-02-14,4.456258769804715e-05
2022-02-15,2.297502585197276e-05
2022-02-16,8.939429345459178e-06
2022-02-17,1.3544626165086119e-05
2022-02-18,3.6201386089050015e-06
2022-02-21,2.8796542157766595e-06
2022-02-22,1.2051625207051005e-05
2022-02-23,1.4543271077765659e-05
2022-02-24,7.103555053089704e-06
2022-02-25,2.7783241261478245e-05
2022-02-28,1.2119893298296676e-05
2022-03-01,1.6910990470050367e-06
2022-03-02,5.001979986789425e-06
2022-03-03,7.968258257839031e-06
2022-03-04,1.9042657432296432e-06
2022-03-07,6.1740613710396696e-06
2022-03-08,2.187834504641253e-05
2022-03-09,1.0651083244887175e-05
2022-03-10,1.2570700259331386e-05
2022-03-11,2.7334606296452706e-05
2022-03-14,6.805455413918773e-06
2022-03-15,1.3068433463792377e-05
2022-03-16,1.3581814453715161e-05
2022-03-17,1.987646745279842e-05
2022-03-18,6.535001455839737e-06
2022-03-21,3.138429304560552e-06
2022-03-22,1.2288430916645095e-06
2022-03-23,2.4578346310217615e-06
2022-03-24,5.456888675910172e-05
2022-03-25,1.5456950591278343e-06
2022-03-28,9.53752873434086e-05
2022-03-29,2.5931808352129513e-06
2022-03-30,1.2971079338067355e-06
2022-03-31,9.794746873780924e-05
2022-04-01,9.394565109460321e-05
2022-04-06,2.913084125126142e-06
2022-04-07,1.3464494184955018e-06
2022-04-08,2.158563200546006e-06
2022-04-11,3.971851900212347e-06
2022-04-12,9.277231813187802e-06
2022-04-13,3.385477471942417e-06
2022-04-14,5.142724627494085e-05
2022-04-15,5.634770361415852e-05
2022-04-18,3.916780923161997e-06
2022-04-19,5.438850316487866e-06
2022-04-20,5.360409045600875e-05
2022-04-21,8.773043433088403e-06
2022-04-22,3.7619871518598246e-06
2022-04-25,7.133963189913602e-06
2022-04-26,1.774032367418267e-05
2022-04-27,4.311991731968054e-06
2022-04-28,6.024571499309467e-06
2022-04-29,9.859905168994754e-07
2022-05-05,5.4669580373377625e-06
2022-05-06,2.7123253124015e-06
2022-05-09,4.641911860358311e-06
2022-05-10,1.1241570279064972e-06
2022-05-11,1.4600546083005752e-05
2022-05-12,1.8347815345041846e-06
2022-05-13,6.0751768284951095e-06
2022-05-16,4.10273704172052e-06
2022-05-17,3.680334393681482e-06
2022-05-18,1.8007725157647737e-06
2022-05-19,4.930763756085817e-06
2022-05-20,4.501415526120215e-06
2022-05-23,4.0611994693097354e-05
2022-05-24,4.554374790778689e-07
2022-05-25,3.7643549640481687e-06
2022-05-26,3.848589733543223e-05
2022-05-27,4.962806172913809e-05
2022-05-30,1.7008577948274884e-05
2022-05-31,2.9066321769524607e-06
2022-06-01,4.072056873371052e-06
2022-06-02,4.1385179780015976e-06
2022-06-06,3.025063097985203e-06
2022-06-07,3.545868868992309e-06
2022-06-08,1.000755245493772e-06
2022-06-09,2.853511139703984e-06
2022-06-10,1.4617417538500544e-06
2022-06-13,2.0020647241464836e-06
2022-06-14,2.2473985420762442e-05
2022-06-15,1.3675046509239731e-05
2022-06-16,1.3408602196051285e-06
2022-06-17,1.4595708029051438e-06
2022-06-20,2.321593495956318e-06
2022-06-21,3.2551929260731647e-06
2022-06-22,1.6150390691269494e-06
2022-06-23,3.256946934296937e-06
2022-06-24,3.3890260648458282e-06
2022-06-27,3.800531944243211e-06
2022-06-28,1.607830966478832e-05
2022-06-29,2.9059288602725533e-06
2022-06-30,3.3326826309398264e-06
2022-07-01,1.3686145665449783e-06
2022-07-04,0.00010257002592793839
2022-07-05,2.1855310130188603e-05
2022-07-06,4.3091112857973715e-06
2022-07-07,2.0112888291864903e-05
2022-07-08,5.465553158442246e-06
2022-07-11,1.4064965203613964e-06
2022-07-12,4.705487145679073e-06
2022-07-13,8.752281354038081e-05
2022-07-14,8.922237010359096e-05
2022-07-15,3.6175054838114857e-06
2022-07-18,8.931600021196514e-06
2022-07-19,9.785812940109953e-05
2022-07-20,1.2813695239718687e-06
2022-07-21,5.003416943898699e-06
2022-07-22,2.325286226604736e-06
2022-07-25,1.3168210412762096e-05
2022-07-26,8.505079069640061e-05
2022-07-27,8.647809278862719e-05
2022-07-28,8.483478816281631e-05
2022-07-29,8.536577018066967e-05
2022-08-01,1.5720887158995418e-05
2022-08-02,1.0205262301584697e-05
2022-08-03,4.0220113696881955e-06
2022-08-04,2.333181620253812e-06
2022-08-05,2.9885731935193825e-06
2022-08-08,0.00010772770600852635
2022-08-09,3.002525096284967e-06
2022-08-10,4.590887123416987e-06
2022-08-11,3.720991607767241e-06
2022-08-12,1.2571450533498679e-05
2022-08-15,2.378342212372174e-06
2022-08-16,6.164443168504088e-05
2022-08-17,3.7889565647558406e-06
2022-08-18,3.919389682499616e-06
2022-08-19,4.844371254660385e-06
2022-08-22,1.5147205390986708e-06
2022-08-23,2.831986959359014e-06
2022-08-24,5.703464172848165e-06
2022-08-25,8.245347388227081e-06
2022-08-26,3.5612316376521724e-06
2022-08-29,3.0891570717840982e-06
2022-08-30,1.538060811716883e-05
2022-08-31,1.6667236933692216e-06
2022-09-01,0.0001296267320396694
2022-09-02,0.00012257089714248342
2022-09-05,5.231303018034062e-06
2022-09-06,0.00011943293163303113
2022-09-07,1.297161782476552e-06
2022-09-08,5.501098403858153e-06
2022-09-09,4.7081512283138255e-06
2022-09-13,7.645263521980579e-06
2022-09-14,6.310202617601143e-06
2022-09-15,6.002525929613138e-06
2022-09-16,3.6207144428912815e-06
2022-09-19,8.01192633680697e-06
2022-09-20,0.00011301296752584687
2022-09-21,0.00011764622092779767
2022-09-22,6.416760994924498e-07
2022-09-23,1.8564544299492572e-06
2022-09-26,7.293349802520409e-06
2022-09-27,2.9775794312654827e-05
2022-09-28,8.822782869237237e-06
2022-09-29,3.8906343513434205e-06
2022-09-30,8.630691979038294e-06
2022-10-10,5.3812943234678064e-06
2022-10-11,0.00014040337611375976
2022-10-12,0.00014794940237741996
2022-10-13,8.651082847366897e-06
2022-10-14,2.1658179598842542e-06
2022-10-17,1.9344713381778095e-05
2022-10-18,4.78712639082873e-06
2022-10-19,5.891109901162659e-06
2022-10-20,2.5408171059454755e-06
2022-10-21,0.00016459600001407658
2022-10-24,6.092586182493993e-07
2022-10-25,2.8712128776495305e-05
2022-10-26,2.247080904404947e-06
2022-10-27,2.037796324738387e-06
2022-10-28,1.4628540838826538e-06
2022-10-31,7.984540217160373e-06
2022-11-01,0.0001534163592066074
2022-11-02,1.502174415318162e-05
2022-11-03,4.946751942215914e-06
2022-11-04,1.6211283796244009e-06
2022-11-07,6.8176811376129686e-06
2022-11-08,1.0515023288620217e-05
2022-11-09,8.10642495933588e-07
2022-11-10,6.258714172432224e-05
2022-11-11,3.71313185391587e-06
2022-11-14,1.4017401734250892e-05
2022-11-15,2.4624802852305603e-05
2022-11-16,1.9600768033521505e-06
2022-11-17,5.599174146194472e-06
2022-11-18,9.788431514809369e-06
2022-11-21,4.920036355301975e-07
2022-11-22,1.6525365033813915e-05
2022-11-23,8.52802877047875e-07
2022-11-24,1.225544996500174e-05
2022-11-25,4.994154428432589e-06
2022-11-28,1.4291539033496525e-05
2022-11-29,9.116693861050007e-06
2022-11-30,1.8696684691573887e-05
2022-12-01,2.375116118503669e-06
2022-12-02,4.521955516322382e-06
2022-12-05,2.7667677724790944e-06
2022-12-06,1.4651609564122162e-05
2022-12-07,1.0598137288849925e-05
2022-12-08,2.3227835657318488e-06
2022-12-09,1.0615752837303555e-05
2022-12-12,5.872208863983118e-07
2022-12-13,2.2353969526674422e-06
2022-12-14,1.5694047651866373e-05
2022-12-15,1.1686981812150092e-05
2022-12-16,6.825336842275088e-06
2022-12-19,5.400383462504589e-06
2022-12-20,4.396096082265592e-06
2022-12-21,5.465688567740643e-06
2022-12-22,8.70650825446747e-06
2022-12-23,2.060650790723151e-06
2022-12-26,8.967248290988685e-06
2022-12-27,2.2474342290550557e-06
2022-12-28,3.423151177894889e-06
2022-12-29,1.0028765101571552e-05
2022-12-30,2.590451028248279e-06
2023-01-03,7.216033723806362e-06
2023-01-04,1.0630860393162216e-06
2023-01-05,1.1129644226668446e-05
2023-01-06,7.654811604048836e-06
2023-01-09,1.6885550889673443e-05
2023-01-10,1.4065758283461873e-05
2023-01-11,1.4991772101004483e-06
2023-01-12,4.779933181836199e-06
2023-01-13,1.8301152203133338e-06
2023-01-16,5.95444666781713e-06
2023-01-17,3.954667537376902e-06
2023-01-18,1.6495793589123738e-06
2023-01-19,3.4295323717898965e-06
2023-01-20,4.387656543773894e-06
2023-01-30,4.570527567823439e-06
2023-01-31,1.56053717366439e-05
2023-02-01,1.4596183783225445e-05
2023-02-02,3.4765336316540422e-06
2023-02-03,5.278853466127005e-06
2023-02-06,2.2236923166747455e-05
2023-02-07,1.4632257977791317e-05
2023-02-08,2.145573743671282e-07
2023-02-09,2.978096831949082e-06
2023-02-10,5.1301953019415595e-06
2023-02-13,4.723937330075291e-06
2023-02-14,5.828094405833022e-06
2023-02-15,1.1362343436271578e-06
2023-02-16,2.1268857341428145e-06
2023-02-17,3.378931613349477e-06
2023-02-20,1.0860746298603403e-05
2023-02-21,0.000795635694437928
2023-02-22,1.2699548226343497e-06
2023-02-23,3.494727994377847e-06
2023-02-24,9.55632227521472e-07
2023-02-27,2.2716924903002887e-06
2023-02-28,0.0007968156396329867
2023-03-01,0.0007977658938542686
2023-03-02,3.3288952272747078e-06
2023-03-03,1.2531873333410417e-06
2023-03-06,3.582354956421839e-06
2023-03-07,2.058071780743194e-06
2023-03-08,7.2973080866492545e-06
2023-03-09,1.1293189610672393e-05
2023-03-10,1.0991987191524207e-06
2023-03-13,9.412534593259779e-06
2023-03-14,4.7762399346367895e-06
2023-03-15,1.1918373995180603e-05
2023-03-16,1.8070927535587966e-06
2023-03-17,5.783209451305702e-06
2023-03-20,1.6539379111896648e-06
2023-03-21,2.3273763665050263e-05
2023-03-22,2.3316811080946637e-06
2023-03-23,6.035268067244266e-06
2023-03-24,1.3964409109311402e-06
2023-03-27,4.593676766364494e-06
2023-03-28,2.0663199896042322e-06
2023-03-29,1.5825815693789776e-06
2023-03-30,4.998590469266137e-07
2023-03-31,2.4685101120780223e-06
2023-04-03,6.614679327061768e-07
2023-04-04,7.383315005312795e-06
2023-04-06,9.436206765008857e-07
2023-04-07,3.8199143374027365e-06
2023-04-10,9.142082182950623e-07
2023-04-11,9.70352539149808e-06
2023-04-12,8.104665871662542e-07
2023-04-13,8.666659686671803e-07
2023-04-14,0.0008711951480330386
2023-04-17,3.543516320082738e-06
2023-04-18,5.223775899848954e-06
2023-04-19,1.3749413199956388e-06
2023-04-20,3.1809603876260443e-06
2023-04-21,0.0008967919331243755
2023-04-24,0.0008692905335205709
2023-04-25,3.529371160961753e-05
2023-04-26,0.0008733286137943597
2023-04-27,3.357349962292743e-05
2023-04-28,7.199791951409729e-05
2023-05-04,9.037866228366592e-05
2023-05-05,7.638854543679483e-06
2023-05-08,3.654744042699823e-05
2023-05-09,1.337404512277672e-06
2023-05-10,0.0008130104775118304
2023-05-11,1.1809276575553326e-05
2023-05-12,0.0008010014673889059
2023-05-15,6.633331077209981e-06
2023-05-16,0.0007917340251673055
2023-05-17,8.362506986175876e-06
2023-05-18,7.675368078251047e-07
2023-05-19,3.3160632712755726e-06
2023-05-22,8.35267416021396e-06
2023-05-23,0.0007897113394854839
2023-05-24,3.8818231092082434e-05
2023-05-25,4.747076062538776e-06
2023-05-26,1.8361805355049345e-05
2023-05-29,3.9553428776038274e-05
2023-05-30,4.827290415169552e-05
2023-05-31,3.6820991316373644e-05
2023-06-01,0.0007518018861848753
2023-06-02,5.1744088978954065e-05
2023-06-05,6.821076414946328e-05
2023-06-06,9.941404626336523e-06
2023-06-07,8.30193899149424e-05
2023-06-08,0.0001376953143772154
2023-06-09,8.611918720640017e-05
2023-06-12,4.693232993221844e-06
2023-06-13,8.176521151654175e-07
2023-06-14,3.336151461823634e-06
2023-06-15,7.834632453118815e-05
2023-06-16,5.504711167419494e-05
2023-06-19,0.00011153974727780802
2023-06-20,3.514380527249929e-06
2023-06-21,6.717853420679758e-07
2023-06-26,0.00013494174990367523
2023-06-27,5.274646176689678e-06
2023-06-28,4.2011873757840765e-06
2023-06-29,4.776002447131236e-05
2023-06-30,3.7299433388770715e-07
2023-07-03,7.89398409300185e-06
2023-07-04,6.233661985026527e-06
2023-07-05,1.167730714365857e-06
2023-07-06,9.213451235822755e-06
2023-07-07,2.7094464139120164e-06
2023-07-10,5.202261920866935e-06
2023-07-11,3.8526737060404734e-06
2023-07-12,2.6622041075351697e-06
2023-07-13,1.4058124478023328e-06
2023-07-14,1.7513565232008405e-05
2023-07-17,3.1669227440054083e-06
2023-07-18,4.549203197063978e-06
2023-07-19,5.931465273431337e-07
2023-07-20,2.0311724064382354e-05
2023-07-21,6.242894867609154e-06
2023-07-24,3.4609390940759275e-06
2023-07-25,1.8997395202285454e-06
2023-07-26,5.1630695409475554e-05
2023-07-27,2.6532122932862445e-06
2023-07-28,3.040761202972791e-06
2023-07-31,1.853036043322627e-05
2023-08-01,5.489227078551252e-06
2023-08-02,4.290060157527052e-05
2023-08-03,5.890232442159343e-06
2023-08-04,9.316259142559254e-06
2023-08-07,2.9909954030419156e-06
2023-08-08,2.393304973260426e-06
2023-08-09,1.1313017106880514e-06
2023-08-10,1.4142585459413666e-06
2023-08-11,1.5435611459963146e-06
2023-08-14,1.1985308049773002e-05
2023-08-15,9.75360587030457e-07
2023-08-16,3.2751714476000395e-05
2023-08-17,6.429685922669848e-06
2023-08-18,2.2254030775473446e-06
2023-08-21,6.847938825467852e-06
2023-08-22,1.9064045520918589e-06
2023-08-23,4.535562570727746e-06
2023-08-24,6.563883074711212e-06
2023-08-25,7.319457521218566e-06
2023-08-28,9.21689478831999e-06
2023-08-29,1.5885080453450195e-05
2023-08-30,1.3750458735291117e-05
2023-08-31,2.67633660063384e-05
2023-09-01,3.4238548962568126e-06
2023-09-04,9.127532235957803e-06
2023-09-05,3.39793670918388e-05
2023-09-06,3.6546135034067512e-06
2023-09-07,1.976535365495323e-06
2023-09-08,6.683003152177413e-06
2023-09-11,1.5189231117589235e-05
2023-09-12,2.3970921869086484e-06
2023-09-13,7.051602610225534e-06
2023-09-14,6.807603992838186e-06
2023-09-15,1.738265710365593e-05
2023-09-18,3.493180055511723e-05
2023-09-19,4.499649652412594e-06
2023-09-20,1.009028224773187e-05
2023-09-21,9.244184457328938e-06
2023-09-22,3.002386646887376e-06
2023-09-25,1.2630167224625372e-05
2023-09-26,2.62451671369119e-06
2023-09-27,7.714383584014637e-06
2023-09-28,2.4377068014965493e-05
2023-10-09,7.85060607567942e-05
2023-10-10,1.2441366757782364e-05
2023-10-11,1.0183283660349765e-05
2023-10-12,0.000634409440782966
2023-10-13,1.0129139311335599e-05
2023-10-16,2.0804935825701163e-06
2023-10-17,1.3995626204269391e-05
2023-10-18,1.917015398947914e-06
2023-10-19,6.561237883181536e-06
2023-10-20,9.597629532594677e-06
2023-10-23,5.330205852508016e-06
2023-10-24,4.4491813954662705e-06
2023-10-25,2.0043823041326034e-06
2023-10-26,4.252440375930727e-06
2023-10-27,1.3875743724543581e-05
2023-10-30,1.0395583695331106e-05
2023-10-31,6.380163454489732e-06
2023-11-01,5.763058060263837e-08
2023-11-02,5.471448091696439e-06
2023-11-03,5.912379110586574e-06
2023-11-06,4.525202575452386e-06
2023-11-07,0.0006918958186678881
2023-11-08,4.769810095824289e-06
2023-11-09,0.0006989882809430661
2023-11-10,4.42148002957125e-06
2023-11-13,6.837602012963434e-06
2023-11-14,7.08733018503506e-06
2023-11-15,0.0007081741091736666
2023-11-16,5.107185851098203e-06
2023-11-17,3.773475003321602e-06
2023-11-20,2.7215643162236473e-06
2023-11-21,1.0699419016276465e-05
2023-11-22,2.408872358710349e-06
2023-11-23,0.0007255564119960599
2023-11-24,0.0007167253740489872
2023-11-27,3.665235149770636e-06
2023-11-28,0.0007120931317821848
2023-11-29,0.0007122325760993374
2023-11-30,4.122096935298678e-06
2023-12-01,4.998377203726017e-06
2023-12-04,4.282704929081383e-06
2023-12-05,8.1046367918551e-06
2023-12-06,2.4804895620104106e-05
2023-12-07,5.215014449522327e-05
2023-12-08,4.316961951472555e-06
2023-12-11,3.578867172151605e-06
2023-12-12,8.87457575606446e-05
2023-12-13,2.517054615717624e-06
2023-12-14,8.471320698017257e-05
2023-12-15,1.1319782256971607e-05
2023-12-18,6.308615486812587e-06
2023-12-19,2.4512747048148625e-06
2023-12-20,1.8804729778030063e-07
2023-12-21,4.511688934166591e-06
2023-12-22,1.0442763543323942e-05
2023-12-25,0.0007367609300857259
2023-12-26,0.0007254040867148547
2023-12-27,1.3959961897285768e-06
2023-12-28,3.2511337011905153e-06
2023-12-29,2.1148154310096627e-05
2024-01-02,1.4852191403924576e-06
2024-01-03,1.0811249302301832e-05
2024-01-04,6.852434669353931e-06
2024-01-05,1.967229394743891e-06
2024-01-08,3.282253905487736e-06
2024-01-09,3.152843065794095e-06
2024-01-10,1.1946238450262235e-05
2024-01-11,1.773738043031662e-06
2024-01-12,2.8260338163947732e-06
2024-01-15,2.793147905259863e-06
2024-01-16,2.8389373334775684e-06
2024-01-17,7.073741662009105e-06
2024-01-18,2.3283139122582687e-05
2024-01-19,4.328311032375298e-06
2024-01-22,5.2864572504844056e-05
2024-01-23,5.356764635851032e-05
2024-01-24,4.438340449120929e-05
2024-01-25,3.346556150564086e-06
2024-01-26,7.0346206962962e-06
2024-01-29,3.7868688309061727e-06
2024-01-30,2.339104571466952e-06
2024-01-31,4.518029380405244e-05
2024-02-01,7.719388227356735e-06
2024-02-02,1.0905292064615619e-05
2024-02-05,4.548890878206206e-06
2024-02-06,1.1026800834665437e-05
2024-02-07,2.3736265544779383e-05
2024-02-08,5.268685465986199e-05
2024-02-19,9.394996394007323e-06
2024-02-20,4.680388211743647e-06
2024-02-21,4.898970556893681e-05
2024-02-22,4.293008767726793e-06
2024-02-23,7.182880773120647e-06
2024-02-26,5.456975320192386e-06
2024-02-27,7.37754723894666e-06
2024-02-28,4.491181169405548e-05
2024-02-29,1.8653914945640088e-06
2024-03-01,4.6185954175401796e-05
2024-03-04,1.812162487128042e-06
2024-03-05,3.260887761051806e-05
2024-03-06,2.0688666612225576e-05
2024-03-07,8.28031371099694e-06
2024-03-08,8.727392860104013e-06
2024-03-11,3.024659707386721e-06
2024-03-12,5.125111051107797e-06
2024-03-13,5.625820779228374e-05
2024-03-14,1.434592516648233e-06
2024-03-15,3.1835599388794595e-06
2024-03-18,1.235810287335111e-06
2024-03-19,5.595494984526949e-05
2024-03-20,2.127013317439641e-06
2024-03-21,1.3193734525547355e-06
2024-03-22,2.5822441133823664e-05
2024-03-25,6.521076565280708e-06
2024-03-26,4.075183034913541e-06
2024-03-27,5.571050090858384e-07
2024-03-28,8.479013228017936e-06
2024-03-29,2.9260314606230425e-06
2024-04-01,1.0118461904571871e-05
2024-04-02,5.993535702266652e-06
2024-04-03,1.6386217346876336e-06
2024-04-08,3.807708076029308e-06
2024-04-09,7.995430715841987e-06
2024-04-10,3.8021852785071406e-06
2024-04-11,1.409805769402351e-06
2024-04-12,6.145408829615184e-06
2024-04-15,9.60798255611767e-06
2024-04-16,1.8033361646925126e-05
2024-04-17,1.3459915438082219e-05
2024-04-18,3.0421288334784893e-06
2024-04-19,2.011621575604524e-06
2024-04-22,4.523238035626025e-06
2024-04-23,7.32052684588173e-06
2024-04-24,8.480136946669759e-06
2024-04-25,6.584349167461991e-05
2024-04-26,2.561859373959221e-06
2024-04-29,1.2503120415331974e-05
2024-04-30,7.164096431034833e-05
2024-05-06,2.5226124068451942e-05
2024-05-07,1.4415824804688976e-05
2024-05-08,2.8566791329183093e-06
2024-05-09,3.642915889578796e-06
2024-05-10,2.7943522300266227e-06
2024-05-13,9.980035167122162e-06
2024-05-14,3.7952237272036313e-06
2024-05-15,2.833898163734916e-07
2024-05-16,4.238266570696598e-06
2024-05-17,5.5876668801623025e-06
2024-05-20,3.522544308783779e-06
2024-05-21,1.130673700860628e-05
2024-05-22,3.6428463343777875e-06
2024-05-23,3.750075751224602e-07
2024-05-24,1.2618826054610469e-05
2024-05-27,1.400211410556472e-05
2024-05-28,4.570753202810494e-06
2024-05-29,1.779432364787288e-06
2024-05-30,2.2384903378221618e-06
2024-05-31,8.945322729855984e-06
2024-06-03,7.192897400990842e-07
2024-06-04,2.9296598979896942e-06
2024-06-05,9.279012995882352e-06
2024-06-06,2.057920956056558e-06
2024-06-07,9.430544690774697e-06
2024-06-11,2.1964275417832824e-06
2024-06-12,1.276296333119542e-05
2024-06-13,1.5374212863179597e-06
2024-06-14,7.919441361160376e-06
2024-06-17,3.434022408245564e-06
2024-06-18,2.028763176257796e-06
2024-06-19,2.7593815667366523e-06
2024-06-20,6.761711863436902e-07
2024-06-21,2.3277017125200757e-06
2024-06-24,5.716792397328884e-06
2024-06-25,3.5604317140485976e-06
2024-06-26,7.102285863791653e-06
2024-06-27,6.049846232019964e-06
2024-06-28,4.923051849143937e-06
2024-07-01,2.8144265421999464e-06
2024-07-02,4.0195388963739395e-05
2024-07-03,4.503476034951413e-06
2024-07-04,1.2841678681569063e-05
2024-07-05,4.402303871367287e-06
2024-07-08,7.19786353509019e-06
2024-07-09,2.8770753715589948e-05
2024-07-10,1.3528187199161296e-05
2024-07-11,6.515760986015209e-06
2024-07-12,1.6503930659764474e-05
2024-07-15,2.15671348703093e-05
2024-07-16,4.797753659757327e-06
2024-07-17,6.579119888695913e-06
2024-07-18,4.7805679347033765e-06
2024-07-19,2.5896092602011206e-06
2024-07-22,1.996714201230721e-05
2024-07-23,2.2780102710131682e-05
2024-07-24,2.1018969720565238e-05
2024-07-25,6.193585227162089e-06
2024-07-26,1.3035130793044882e-05
2024-07-29,3.3929234460047115e-06
2024-07-30,3.005574935232482e-06
2024-07-31,4.06779413072688e-06
2024-08-01,2.057855997162135e-05
2024-08-02,1.0351526642767007e-05
2024-08-05,1.0924515152567098e-05
2024-08-06,2.8547117398020832e-05
2024-08-07,2.1469300782069547e-05
2024-08-08,6.1674382496780395e-06
2024-08-09,9.364896480237472e-06
2024-08-12,1.139816201714831e-05
2024-08-13,8.675405318144897e-05
2024-08-14,2.2748555911173194e-05
2024-08-15,2.0451591902994756e-06
2024-08-16,8.456936174823838e-06
2024-08-19,3.641270834487308e-06
2024-08-20,3.7207189031650235e-06
2024-08-21,1.5405680162089674e-06
2024-08-22,3.229082666586416e-06
2024-08-23,1.2371097339706463e-05
2024-08-26,3.0282568850500817e-06
2024-08-27,2.6538660258503093e-06
2024-08-28,1.1124400156069767e-06
2024-08-29,3.1401046610019144e-06
2024-08-30,2.0060545343674566e-06
2024-09-02,1.6363342547917595e-05
2024-09-03,1.4186766635437478e-05
2024-09-04,6.300726692590667e-05
2024-09-05,1.7394976126191968e-05
2024-09-06,2.915569334155169e-06
2024-09-09,2.752469144615157e-06
2024-09-10,7.997282876222578e-06
2024-09-11,2.2269484171951704e-06
2024-09-12,4.933490773127908e-06
2024-09-13,1.6064144121674444e-05
2024-09-18,9.866515563142602e-06
2024-09-19,6.338724195215674e-06
2024-09-20,8.482442092195782e-06
2024-09-23,5.703386365867393e-06
2024-09-24,3.086335269189163e-06
2024-09-25,4.947953036048336e-05
2024-09-26,1.5867877967930666e-05
2024-09-27,1.5942273656882773e-05
2024-09-30,4.665622176589249e-05
2024-10-08,2.3578171940825778e-05
2024-10-09,1.8724014649020135e-05
2024-10-10,1.7835243075190443e-05
2024-10-11,9.832496468231555e-06
2024-10-14,8.212491298849472e-06
2024-10-15,5.628355922586106e-06
2024-10-16,5.435057002147907e-06
2024-10-17,1.1432841049460792e-05
2024-10-18,3.5071689171971946e-06
2024-10-21,2.6026699409225225e-06
2024-10-22,6.263713018898945e-06
2024-10-23,5.212211385624697e-06
2024-10-24,2.253997545909419e-06
2024-10-25,1.227486894168094e-05
2024-10-28,4.137327696625767e-07
2024-10-29,2.1314008574382685e-06
2024-10-30,2.087364506947232e-06
2024-10-31,5.333329016784055e-06
2024-11-01,9.060592210997534e-06
2024-11-04,4.39296032938739e-06
2024-11-05,4.015574463715596e-05
2024-11-06,1.22574365533637e-06
2024-11-07,1.8587225019705963e-05
2024-11-08,2.568114865674444e-05
2024-11-11,2.826407157764388e-06
2024-11-12,6.160687023488744e-07
2024-11-13,5.978776613845473e-06
2024-11-14,1.1940226739621114e-06
2024-11-15,9.638982265348317e-06
2024-11-18,2.5914969254707333e-06
2024-11-19,3.529630898977187e-06
2024-11-20,6.7221397806205985e-06
2024-11-21,1.2143389701311653e-06
2024-11-22,3.7216275275449853e-06
2024-11-25,4.691141290092751e-06
2024-11-26,3.821662917549356e-06
2024-11-27,5.773520942185605e-06
2024-11-28,1.7674872424065306e-06
2024-11-29,6.258304724554298e-07
2024-12-02,1.1518639551263698e-06
2024-12-03,2.4498445550426176e-05
2024-12-04,5.031505397905083e-06
2024-12-05,1.6536010910626203e-06
2024-12-06,7.457412713434683e-06
2024-12-09,1.4875541317081847e-06
2024-12-10,3.444155785245054e-06
2024-12-11,4.7724550239731524e-05
2024-12-12,1.3573991795739934e-06
2024-12-13,1.8976566396693845e-06
2024-12-16,3.7678117826023665e-05
2024-12-17,4.615630084908007e-06
2024-12-18,1.7070379415119474e-05
2024-12-19,1.3336614124147516e-06
2024-12-20,2.1843288123198332e-05
2024-12-23,8.533505458711946e-05
2024-12-24,2.1203891831226924e-05
2024-12-25,3.928186846808873e-06
2024-12-26,1.8880943341117585e-05
2024-12-27,5.518231591341329e-07
2024-12-30,9.411129275861138e-06
2024-12-31,1.6855415780730392e-05
2025-01-02,3.56673690375859e-06
2025-01-03,1.1619303849681301e-05
2025-01-06,1.0794240841436584e-05
2025-01-07,7.208917581108219e-06
2025-01-08,1.269513858510695e-05
2025-01-09,7.006029762607975e-05
2025-01-10,7.648350353673304e-05
2025-01-13,1.7235940975990628e-06
2025-01-14,9.455876337304183e-06
2025-01-15,1.7290459445480337e-05
2025-01-16,5.941751431282253e-05
2025-01-17,5.5208663497480425e-06
2025-01-20,8.051065372635564e-07
2025-01-21,3.428413458693075e-06
2025-01-22,3.661355940686034e-07
2025-01-23,6.076637621722249e-05
2025-01-24,6.552360302703769e-06
2025-01-27,3.370130047368084e-06
2025-02-05,9.495386119095192e-05
2025-02-06,0.0001285228054010423
2025-02-07,4.267370881568679e-06
2025-02-10,7.024788063482589e-05
2025-02-11,7.525322480162952e-06
2025-02-12,6.885692227932594e-05
2025-02-13,6.115006071287857e-05
2025-02-14,4.941850771491049e-06
2025-02-17,6.872655888845131e-05
2025-02-18,6.5296659799993e-05
2025-02-19,5.860190438256495e-05
2025-02-20,6.574804526708906e-06
2025-02-21,7.336854576183855e-06
2025-02-24,6.13334728575636e-06
2025-02-25,1.695497976901652e-05
2025-02-26,6.376589314897867e-06
2025-02-27,6.326609917467196e-06
2025-02-28,2.483895072097158e-06
2025-03-03,3.019515642400846e-05
2025-03-04,2.074533968754753e-05
2025-03-05,7.876728185769538e-06
2025-03-06,3.137244169460457e-06
2025-03-07,5.375599757922504e-06
2025-03-10,1.1013709289924027e-05
2025-03-11,6.144220576639665e-06
2025-03-12,1.1208553803855236e-05
2025-03-13,4.635226628849548e-05
2025-03-14,3.0729334584702133e-06
2025-03-17,2.813860724680369e-05
2025-03-18,8.285621298810962e-06
2025-03-19,1.3077859889599198e-06
2025-03-20,3.767381398221116e-06
2025-03-21,1.0279883034157605e-05
2025-03-24,1.059181040892017e-05
2025-03-25,4.02774808544986e-06
2025-03-26,5.443577927384712e-06
2025-03-27,4.976314196231766e-06
2025-03-28,2.0431834121042576e-06
2025-03-31,1.6640136827668834e-05
2025-04-01,1.2162495515835107e-05
2025-04-02,6.396106728341854e-06
2025-04-03,6.876062930726668e-05
2025-04-07,4.250193055972296e-05
2025-04-08,0.00011354200048558867
2025-04-09,3.965134867363818e-06
2025-04-10,4.8830188906871345e-06
2025-04-11,2.231200105655379e-05
2025-04-14,3.2868937264483745e-06
2025-04-15,3.319403254189996e-06
2025-04-16,4.6687591058748765e-07
2025-04-17,8.039689262385317e-06
2025-04-18,2.360273337447016e-06
2025-04-21,1.021250428243376e-06
2025-04-22,2.375964812556643e-06
2025-04-23,1.2399978720997755e-05
2025-04-24,2.9343159185470456e-05
2025-04-25,2.3510133052995175e-06
2025-04-28,1.5787486801890662e-06
2025-04-29,4.438546414520517e-07
2025-04-30,5.251907619751761e-06
2025-05-06,1.009028288406679e-06
2025-05-07,1.4793661838295724e-06
2025-05-08,3.824619082299641e-07
2025-05-09,1.145723586630057e-05
2025-05-12,3.686027982242242e-05
2025-05-13,3.955537186844243e-06
2025-05-14,2.312744860910952e-06
2025-05-15,3.8462222399152695e-05
2025-05-16,4.4783909264691534e-06
2025-05-19,9.65123275347455e-07
2025-05-20,7.67732124239355e-07
2025-05-21,2.2354083397680205e-07
2025-05-22,4.684395763436183e-06
2025-05-23,2.7846067057356698e-06
2025-05-26,1.9040916980454862e-06
2025-05-27,1.0437965548491004e-06
2025-05-28,5.349764686634478e-07
2025-05-29,4.806387247196162e-07
2025-05-30,6.770875457958046e-06
2025-06-03,4.089549364480569e-06
2025-06-04,1.1621242724974974e-06
2025-06-05,1.694203270063397e-06
2025-06-06,1.0235895561763464e-06
2025-06-09,4.03059876201934e-06
2025-06-10,1.3363674834742033e-06
2025-06-11,2.6938525963986977e-06
2025-06-12,2.9001045087264436e-06
2025-06-13,7.552276320994706e-07
2025-06-16,9.82516005338461e-06
2025-06-17,7.187841583950559e-07
2025-06-18,8.617139341410706e-06
2025-06-19,2.2028581719025013e-07
2025-06-20,4.150325087968053e-06
2025-06-23,5.697439342900769e-07
2025-06-24,6.235974512001138e-07
2025-06-25,1.4925378789144963e-05
2025-06-26,9.92877657204329e-06
2025-06-27,9.616705302961937e-07
2025-06-30,1.0922314357781072e-06
2025-07-01,3.7743256072386954e-06
2025-07-02,1.8601649656815757e-06
2025-07-03,2.6811062793356043e-06
2025-07-04,1.5685491455485167e-06
2025-07-07,7.367061477992106e-07
2025-07-08,1.4981916628218576e-06
2025-07-09,1.0053318443500693e-05
2025-07-10,3.4149512893647554e-06
2025-07-11,6.332457148381016e-06
2025-07-14,8.884550266525082e-07
2025-07-15,2.3326459529408246e-06
2025-07-16,1.327331102104854e-05
2025-07-17,2.850559085918093e-06
2025-07-18,3.5256194391731205e-06
2025-07-21,2.987398987471426e-06
2025-07-22,5.389331352295903e-06
2025-07-23,2.789961344285474e-06
2025-07-24,1.6166505426563079e-06
2025-07-25,4.257643437790268e-05
2025-07-28,4.525276615641586e-06
2025-07-29,1.2797211562412428e-05
2025-07-30,1.4297110421471975e-05
2025-07-31,1.2729612731790883e-05
2025-08-01,2.5173068897931147e-05
2025-08-04,1.2599535825140697e-05
2025-08-05,1.1220125123510624e-05
2025-08-06,5.685101080165962e-06
2025-08-07,8.97254753433871e-07
2025-08-08,5.259143664306063e-06
2025-08-11,6.470078330821673e-07
2025-08-12,1.245123490441237e-05
2025-08-13,1.878701177353375e-06
2025-08-14,3.334064928303026e-06
2025-08-15,6.767930754871983e-07
2025-08-18,3.416691923792372e-06
2025-08-19,4.5765899889002446e-05
2025-08-20,3.9538355204673736e-06
2025-08-21,9.882362619147506e-06
2025-08-22,2.49588899104336e-06
2025-08-25,1.7302952137376322e-05
2025-08-26,4.551062363761634e-06
2025-08-27,3.544980874902067e-06
2025-08-28,7.41078783012571e-06
2025-08-29,6.015212530631913e-06
2025-09-01,4.766960298273476e-07
2025-09-02,2.3796404709792643e-05
2025-09-03,2.983568224726809e-06
2025-09-04,6.331793987329887e-06
2025-09-05,1.245139071998453e-05
2025-09-08,1.8070031219497095e-05
2025-09-09,2.8238261512376906e-06
2025-09-10,8.633759016693037e-06
2025-09-11,1.309409515974705e-06
2025-09-12,5.473938204583615e-06
2025-09-15,1.295204759999797e-06
2025-09-16,1.9212338197844464e-06
2025-09-17,3.2556651509039125e-06
2025-09-18,5.950893146186853e-06
2025-09-19,5.734180482153847e-06
2025-09-22,1.4339592718564464e-05
2025-09-23,7.817259475935621e-06
2025-09-24,7.867334513685958e-06
2025-09-25,4.2269024571340125e-06
2025-09-26,2.841976511959745e-06
2025-09-29,4.682963857055394e-06
2025-09-30,6.5957687248373175e-06
2025-10-09,1.7669087882894094e-05
2025-10-10,3.2532025478312066e-05
2025-10-13,1.3651180901197171e-05
2025-10-14,1.5425572281428283e-05
2025-10-15,4.294765237484916e-06
2025-10-16,2.1631043731113465e-06
2025-10-17,4.2404441398507036e-07
2025-10-20,1.097545530586247e-05
2025-10-21,9.79851066458317e-06
2025-10-22,4.147929135235523e-06
2025-10-23,5.731466498566011e-06
2025-10-24,8.83955184722677e-07
2025-10-27,5.105175653924869e-06
2025-10-28,6.3743932499503395e-06
2025-10-29,2.910294980832136e-05
2025-10-30,1.5570975225826928e-06
2025-10-31,1.6164012338709174e-06
2025-11-03,0.000867897818385809
2025-11-04,2.871388104266962e-06
2025-11-05,5.2170241468631904e-06
2025-11-06,2.410280800397478e-06
2025-11-07,2.437481238928037e-06
2025-11-10,0.0008753127316652881
2025-11-11,1.8307547779117737e-06
2025-11-12,1.9984104389727133e-06
2025-11-13,3.7904475330079855e-06
2025-11-14,0.0008402928551652883
2025-11-17,0.0008478819935964723
2025-11-18,3.041066543344689e-06
2025-11-19,7.92133882532257e-06
2025-11-20,2.9480679221008317e-06
2025-11-21,4.605730660116448e-06
2025-11-24,1.2272418608190648e-05
2025-11-25,4.3662421861388745e-07
2025-11-26,3.1042619223429562e-06
2025-11-27,1.583997534797646e-05
2025-11-28,5.449218848713206e-07
2025-12-01,1.4104877118483235e-06
2025-12-02,2.133919244879011e-06
2025-12-03,6.5513449052137e-07
2025-12-04,2.204376572301596e-06
2025-12-05,1.1757625837419824e-05
2025-12-08,2.31044345484884e-06
2025-12-09,1.0618370372267125e-06
2025-12-10,1.7526854414808176e-06
2025-12-11,2.916731534653733e-07
2025-12-12,3.392976651787873e-05
2025-12-15,3.1986944850303224e-05
2025-12-16,3.2627407377031446e-05
2025-12-17,4.848977248179705e-06
2025-12-18,3.453530629917438e-05
2025-12-19,3.2670767444259123e-06
2025-12-22,2.2472115529440786e-06
2025-12-23,2.566737341063368e-06
2025-12-24,3.287875185501522e-05
2025-12-25,3.1718984557003587e-06
2025-12-26,1.9657798956789866e-06
2025-12-29,3.724473851943709e-07
2025-12-30,1.7732228674566837e-05
2025-12-31,5.481371328341759e-06
2026-01-05,1.5361932536561257e-06
2026-01-06,6.704327858875998e-06
2026-01-07,0.0008050613422625578
2026-01-08,6.754956628021377e-07
2026-01-09,8.227238629084457e-06
2026-01-12,3.19195788951614e-06
2026-01-13,2.721650377573357e-06
2026-01-14,1.7622246357628518e-06
2026-01-15,1.8654504424074694e-06
2026-01-16,9.264771813440182e-07
2026-01-19,3.428803213636523e-06
2026-01-20,2.493458456272746e-06
2026-01-21,3.496988902784024e-06
2026-01-22,5.901919351213852e-06
2026-01-23,1.3681714245018483e-05
2026-01-26,3.7549642219757707e-06
2026-01-27,1.407655293072711e-05
2026-01-28,1.8773148360321373e-06
2026-01-29,1.672684813784234e-05
2026-01-30,1.0596642609879053e-05
2026-02-02,1.6909650867550123e-05
2026-02-03,2.6298779740702332e-05
2026-02-04,8.18024266324615e-06
2026-02-05,1.6355434782317872e-06
2026-02-06,1.95427059692133e-06
2026-02-09,1.8283024079142635e-06
2026-02-10,4.812207746606241e-06
2026-02-11,4.760424448835149e-07
2026-02-12,1.0309456503415819e-06
2026-02-13,7.142359376159751e-07
2026-02-24,2.0954538005347173e-06
2026-02-25,2.1176585893885134e-06
2026-02-26,1.504215660195241e-05
2026-02-27,1.5033996819337366e-05
2026-03-02,3.204089408859455e-06
2026-03-03,4.873585487173043e-06
2026-03-04,4.517044592421512e-06
2026-03-05,1.3364617166410535e-06
2026-03-06,6.018231831548349e-06
2026-03-09,1.005311943949589e-05
2026-03-10,1.3004919416881312e-05
2026-03-11,1.7874747932190037e-05
2026-03-12,6.251962172798822e-07
2026-03-13,4.359839818998462e-07
2026-03-16,6.251923320867948e-07
2026-03-17,5.7545229673037804e-06
2026-03-18,1.2316308618588014e-06
2026-03-19,8.584720641888516e-06
2026-03-20,5.451792344834432e-06
2026-03-23,1.3543587048881156e-05
2026-03-24,2.661998216404538e-05
2026-03-25,5.37926314450275e-06
2026-03-26,6.5175362141439805e-06
2026-03-27,1.3072682694818982e-06
2026-03-30,1.5119351360184724e-06
