,turnover
2020-01-02,0.012993542918786606
2020-01-03,0.15724479260270874
2020-01-06,0.03459795335187382
2020-01-07,0.05713947842674291
2020-01-08,0.028924436841014367
2020-01-09,0.03237778253346388
2020-01-10,0.08817874577922113
2020-01-13,0.017893313659102898
2020-01-14,0.008506059712907195
2020-01-15,0.009874697889925593
2020-01-16,0.009931748076085656
2020-01-17,0.031105376691384842
2020-01-20,0.004146291982560897
2020-01-21,0.020875850705076998
2020-01-22,0.10992396047171954
2020-01-23,0.034239094901235334
2020-02-03,0.10138229641646758
2020-02-04,0.15685163270390712
2020-02-05,0.07934290229800037
2020-02-06,0.026491355187779772
2020-02-07,0.019180366454848663
2020-02-10,0.0038288199537775958
2020-02-11,0.0006017584884706884
2020-02-12,0.013178008524491525
2020-02-13,0.0032993356407060165
2020-02-14,0.02434568347925052
2020-02-17,0.025279887086970765
2020-02-18,0.006138089943112546
2020-02-19,0.010852281641594713
2020-02-20,0.013994069599074746
2020-02-21,0.00955751403989076
2020-02-24,0.03600099596108014
2020-02-25,0.033684446721688216
2020-02-26,0.04346889909280226
2020-02-27,0.006874508203300475
2020-02-28,0.01604144546265296
2020-03-02,0.052382129789545054
2020-03-03,0.05010262094663196
2020-03-04,0.0014978985099491499
2020-03-05,0.020343195179890798
2020-03-06,0.007305492295851021
2020-03-09,0.018344780971319197
2020-03-10,0.04452336724787298
2020-03-11,0.006115943076828591
2020-03-12,0.009863135446157259
2020-03-13,0.024058483300652758
2020-03-16,0.025295447095453956
2020-03-17,0.03640234590516716
2020-03-18,0.04339347471752477
2020-03-19,0.012551060529064177
2020-03-20,0.008475068469394428
2020-03-23,0.013103704032806099
2020-03-24,0.025316678994825398
2020-03-25,0.05821567938809046
2020-03-26,0.015497860493801023
2020-03-27,0.0037675773016750125
2020-03-30,0.0009401788019154853
2020-03-31,0.0013049340451074323
2020-04-01,0.0033481767162477014
2020-04-02,0.003174245191618283
2020-04-03,0.005888044486955894
2020-04-07,0.0007288431264914838
2020-04-08,0.02617210154541589
2020-04-09,0.020053824061224475
2020-04-10,0.001355013548446568
2020-04-13,0.016397081365134965
2020-04-14,0.0006955230845480248
2020-04-15,0.008092173255927898
2020-04-16,0.23141595765413703
2020-04-17,0.008432954171921664
2020-04-20,0.009475990173905234
2020-04-21,0.0009008676576543612
2020-04-22,0.004919305179926538
2020-04-23,0.013572068426049348
2020-04-24,0.009739377528397708
2020-04-27,0.0026220605107691378
2020-04-28,0.007101530703537209
2020-04-29,0.004778610766934935
2020-04-30,0.008509835793230738
2020-05-06,0.02981181246252848
2020-05-07,0.027320951822418768
2020-05-08,0.10471227285709253
2020-05-11,0.003482267822666772
2020-05-12,0.28091908123764087
2020-05-13,0.004760590524251818
2020-05-14,0.0013170900755930387
2020-05-15,0.007839068912878118
2020-05-18,0.2806609451233399
2020-05-19,0.030968986732464877
2020-05-20,0.01715212111654639
2020-05-21,0.021153898629419035
2020-05-22,0.008960127891706256
2020-05-25,0.02707891763848822
2020-05-26,0.014838420499637336
2020-05-27,0.04768207731424905
2020-05-28,0.0060178216969155734
2020-05-29,0.009097948511032274
2020-06-01,0.005124493784124842
2020-06-02,0.0441438784716839
2020-06-03,0.03704438742867066
2020-06-04,0.009425969408035376
2020-06-05,0.006492658393583178
2020-06-08,0.004435579382830415
2020-06-09,0.027032094525196212
2020-06-10,0.01803959007268413
2020-06-11,0.009502464900147507
2020-06-12,0.31202410145288273
2020-06-15,0.009971597486531418
2020-06-16,0.30594463962280555
2020-06-17,0.3281955864705858
2020-06-18,0.020711920900319383
2020-06-19,0.004233553846219519
2020-06-22,0.009554990144959016
2020-06-23,0.009992653591429021
2020-06-24,0.030815450755578462
2020-06-29,0.046664841179026695
2020-06-30,0.013107783306777039
2020-07-01,0.008920980513361598
2020-07-02,0.02832355694295785
2020-07-03,0.030727622899954267
2020-07-06,0.011570569197492386
2020-07-07,0.09147261827204833
2020-07-08,0.007104190557707474
2020-07-09,0.0016541921967990827
2020-07-10,0.005459197396825391
2020-07-13,0.01601027117896482
2020-07-14,0.013239002639980908
2020-07-15,0.03101241018476871
2020-07-16,0.00980083492643049
2020-07-17,0.025005234581453005
2020-07-20,0.010187225683355963
2020-07-21,0.0043149407064498185
2020-07-22,0.03466509185270569
2020-07-23,0.08593701720795316
2020-07-24,0.008754404103603841
2020-07-27,0.03999124770378429
2020-07-28,0.049615549273820614
2020-07-29,0.006464119809463896
2020-07-30,0.00516558913183067
2020-07-31,0.013460370249151025
2020-08-03,0.004712557907227216
2020-08-04,0.006049532947114605
2020-08-05,0.004790115754037344
2020-08-06,0.0530268485704838
2020-08-07,0.0022927289139029333
2020-08-10,0.006958556904169695
2020-08-11,0.01066368101347892
2020-08-12,0.04354315924863625
2020-08-13,0.08320419991555336
2020-08-14,0.01512770552243875
2020-08-17,0.00594106237957806
2020-08-18,0.004023288407900033
2020-08-19,0.005385597853115431
2020-08-20,0.010138578843539428
2020-08-21,0.009448693089132654
2020-08-24,0.02300490637960889
2020-08-25,0.04286309401582715
2020-08-26,0.021649278699923988
2020-08-27,0.011501508996935889
2020-08-28,0.010422037745002645
2020-08-31,0.011323272098662629
2020-09-01,0.014450030632942513
2020-09-02,0.04450858812675497
2020-09-03,0.006409291149377362
2020-09-04,0.007520493170058533
2020-09-07,0.0347975373537751
2020-09-08,0.013408513894474353
2020-09-09,0.01966288575241868
2020-09-10,0.027989502585489
2020-09-11,0.018238402130697804
2020-09-14,0.0026971143255452718
2020-09-15,0.009258997241965397
2020-09-16,0.006163988499979303
2020-09-17,0.005381619394930134
2020-09-18,0.004277008610461451
2020-09-21,0.018484943683715064
2020-09-22,0.039182502860619015
2020-09-23,0.021560160905842563
2020-09-24,1.4114460856384663
2020-09-25,0.012690581463206362
2020-09-28,0.006135537737572465
2020-09-29,0.004446654292093399
2020-09-30,0.014059768070162758
2020-10-09,1.437138243737993
2020-10-12,0.031970254474811194
2020-10-13,0.022285984865886233
2020-10-14,1.4772708534334635
2020-10-15,0.005558363784096819
2020-10-16,0.004899676298682799
2020-10-19,0.02118836192434158
2020-10-20,1.4493738357645574
2020-10-21,0.00158741954724443
2020-10-22,1.4213728109910893
2020-10-23,1.4179792638890976
2020-10-26,0.009718950087239858
2020-10-27,0.001874782371740838
2020-10-28,0.02107756948325802
2020-10-29,0.0020277266604337915
2020-10-30,0.01353320481722857
2020-11-02,0.011080418472859531
2020-11-03,0.014925131720170716
2020-11-04,0.03217299369527201
2020-11-05,0.011317204501480327
2020-11-06,0.008060874333906315
2020-11-09,0.010478833402541
2020-11-10,1.4224050119957783
2020-11-11,0.07736278265115668
2020-11-12,0.013629897889303848
2020-11-13,0.003357250198046502
2020-11-16,0.024214480115431057
2020-11-17,0.02237368864496398
2020-11-18,1.4646368298095462
2020-11-19,0.009770553281442128
2020-11-20,0.0026063638117241605
2020-11-23,0.0012887296549416519
2020-11-24,0.055179007814226695
2020-11-25,0.04999600638487657
2020-11-26,0.01140799674650518
2020-11-27,0.002556516044533115
2020-11-30,0.008649775848461515
2020-12-01,0.030539694697340497
2020-12-02,0.015462720228295944
2020-12-03,0.014517166635611319
2020-12-04,0.008620212638998002
2020-12-07,0.019691049602691947
2020-12-08,0.008564537704309427
2020-12-09,0.0126276912303688
2020-12-10,0.008294190862006327
2020-12-11,0.0067628807111921735
2020-12-14,0.008272635090901103
2020-12-15,0.005098223486499659
2020-12-16,0.022474719622867477
2020-12-17,0.006929903885897662
2020-12-18,1.470458933030946
2020-12-21,0.0027168444199100923
2020-12-22,0.004516523091188069
2020-12-23,1.4711628033077218
2020-12-24,1.4642390985521962
2020-12-25,0.003680449083067361
2020-12-28,0.003035020691073094
2020-12-29,0.014621995941185274
2020-12-30,1.452255020890632
2020-12-31,1.4600634990788044
2021-01-04,0.019016142161779603
2021-01-05,0.02112913198274445
2021-01-06,0.010901431289891999
2021-01-07,0.03344612809434261
2021-01-08,0.017316178848332756
2021-01-11,0.013059796919327349
2021-01-12,0.03698293933918474
2021-01-13,0.01759820165295681
2021-01-14,0.024506993655637768
2021-01-15,0.020198458840315448
2021-01-18,0.020525821326514277
2021-01-19,0.020745501692727583
2021-01-20,0.022025795940393895
2021-01-21,0.012139036271358226
2021-01-22,0.027923191204610585
2021-01-25,1.4187806632157394
2021-01-26,1.4224362070896968
2021-01-27,1.4224362070896968
2021-01-28,1.353552532959398
2021-01-29,1.4106003234002777
2021-02-01,0.003812157248895255
2021-02-02,0.011494565765584872
2021-02-03,1.431396407547746
2021-02-04,0.009100976897079359
2021-02-05,1.4476159187915192
2021-02-08,1.4469908820312325
2021-02-09,0.0051442226388888415
2021-02-10,0.026641270833158294
2021-02-18,0.012637413092056404
2021-02-19,0.05101208390127297
2021-02-22,0.004697559946967713
2021-02-23,1.5250107737801135
2021-02-24,0.005470255754993509
2021-02-25,1.5298101344102828
2021-02-26,0.013259324076781504
2021-03-01,0.013649362194560373
2021-03-02,0.01005238311836646
2021-03-03,0.08358549901914655
2021-03-04,0.004523675403972964
2021-03-05,0.020656611644132294
2021-03-08,0.002286160339457055
2021-03-09,0.022418444913766718
2021-03-10,0.0072432609228466616
2021-03-11,0.020352900567998787
2021-03-12,0.010897060022449785
2021-03-15,0.007895820169640883
2021-03-16,0.006559567058509672
2021-03-17,0.009131046939862192
2021-03-18,0.0020991955139086846
2021-03-19,0.0034634511628103756
2021-03-22,0.02554145739276071
2021-03-23,0.003888327683542938
2021-03-24,0.05746793156417353
2021-03-25,0.011316629750892926
2021-03-26,0.0029070822033085454
2021-03-29,0.013974054454192145
2021-03-30,0.00012189902425214019
2021-03-31,0.013434062913333007
2021-04-01,0.20261546484918527
2021-04-02,0.033441253212068346
2021-04-06,0.00795188277658973
2021-04-07,0.0035710670304257425
2021-04-08,0.0010527699568015046
2021-04-09,0.01867910566898093
2021-04-12,0.004317264605449903
2021-04-13,0.026678071585325515
2021-04-14,0.031231591008239294
2021-04-15,0.007843516694189742
2021-04-16,0.007001641926702336
2021-04-19,0.004893894937681387
2021-04-20,0.011766815246259756
2021-04-21,0.013169950629507716
2021-04-22,0.01950784220700834
2021-04-23,0.010646875126330481
2021-04-26,0.03617470131546818
2021-04-27,0.017806487228738815
2021-04-28,0.21617887076498216
2021-04-29,0.002305958514453768
2021-04-30,0.006854671243603838
2021-05-06,0.0036940496754871224
2021-05-07,0.03504992705011423
2021-05-10,0.0088325863789201
2021-05-11,0.0028448095695204137
2021-05-12,0.02371611683001408
2021-05-13,0.20767076629006465
2021-05-14,0.020908689314797113
2021-05-17,0.022235429571733648
2021-05-18,0.008275527329611863
2021-05-19,0.0035789322275708163
2021-05-20,0.22894911303940946
2021-05-21,0.010807324759454881
2021-05-24,0.010939662250681728
2021-05-25,0.2317119494846877
2021-05-26,0.03165276157620815
2021-05-27,0.01324167892860307
2021-05-28,0.006976536999077174
2021-05-31,0.011644302706043663
2021-06-01,0.04027869817477301
2021-06-02,0.013208664531789295
2021-06-03,0.032859085916108
2021-06-04,0.005648591952475732
2021-06-07,0.01206262931452675
2021-06-08,0.009825862746558459
2021-06-09,0.004865087166586013
2021-06-10,0.0013064858691870726
2021-06-11,0.0031398820406835642
2021-06-15,0.012334250823588001
2021-06-16,0.03288801900676045
2021-06-17,0.040422221302818924
2021-06-18,0.019602709901531533
2021-06-21,0.023609583105677123
2021-06-22,0.20961303323477132
2021-06-23,0.19731988347560592
2021-06-24,0.007242931022877597
2021-06-25,0.005682922965106821
2021-06-28,0.2019750226744355
2021-06-29,0.20235736332420556
2021-06-30,0.008693999360711663
2021-07-01,0.0058858108684834015
2021-07-02,0.016907054029471888
2021-07-05,0.03226629420094235
2021-07-06,0.006226282202512534
2021-07-07,0.008339664651050918
2021-07-08,0.008174248315856222
2021-07-09,0.015342318533075154
2021-07-12,0.0027821351370661065
2021-07-13,0.007388826185077423
2021-07-14,0.05857403777270336
2021-07-15,0.0056254566973663045
2021-07-16,0.06063861990019326
2021-07-19,0.015433264361993479
2021-07-20,0.015936474138765897
2021-07-21,0.008035275466432668
2021-07-22,0.001852230513310238
2021-07-23,0.016326314499057873
2021-07-26,0.0073224099318885995
2021-07-27,0.035060886008566085
2021-07-28,0.023695202783686233
2021-07-29,0.010187540527660636
2021-07-30,0.009533535652049584
2021-08-02,0.01914647472395286
2021-08-03,0.02212380684892918
2021-08-04,0.008608924872761617
2021-08-05,0.008193072208250302
2021-08-06,0.006082416432165304
2021-08-09,0.0097319019944331
2021-08-10,0.05164065657800279
2021-08-11,0.007339992290912249
2021-08-12,0.0065458877291446685
2021-08-13,0.00811168595236627
2021-08-16,0.02276255111564557
2021-08-17,1.3587669696388844
2021-08-18,0.010210273472240634
2021-08-19,0.008818965591704524
2021-08-20,0.03428056086001989
2021-08-23,0.011603812608852286
2021-08-24,0.017361626051384804
2021-08-25,0.013517837688399599
2021-08-26,0.12495526614639352
2021-08-27,0.18404898930741692
2021-08-30,0.011583483138088178
2021-08-31,0.0065407815906160655
2021-09-01,0.012969862834314894
2021-09-02,0.00847204434076889
2021-09-03,0.0017603046656277516
2021-09-06,0.0073816692012984506
2021-09-07,0.006521084117650872
2021-09-08,0.005940637412662535
2021-09-09,0.020228789538923576
2021-09-10,0.006280770837274997
2021-09-13,0.008497445299614305
2021-09-14,0.004195110581903125
2021-09-15,0.007998011550386229
2021-09-16,0.005986976397534587
2021-09-17,0.011865130067860632
2021-09-22,0.006640825938267179
2021-09-23,0.061145752188763565
2021-09-24,0.010457338274711049
2021-09-27,0.0044665948741916955
2021-09-28,0.005766610591068241
2021-09-29,0.023583619631111157
2021-09-30,0.19637860118268913
2021-10-08,0.0011484607883458613
2021-10-11,0.1676638660595744
2021-10-12,0.015873960872028303
2021-10-13,0.0137584364476986
2021-10-14,0.006388848637028096
2021-10-15,0.028859485998422963
2021-10-18,0.010543515291454676
2021-10-19,0.06992231141396611
2021-10-20,0.011131920366864938
2021-10-21,0.1687446405440321
2021-10-22,0.19025134508886177
2021-10-25,0.18145688047070108
2021-10-26,0.0023848822830555214
2021-10-27,0.17670241001349238
2021-10-28,0.01729139696009499
2021-10-29,0.01910307553314023
2021-11-01,0.003807772881815469
2021-11-02,0.013958696994021351
2021-11-03,0.007791005242212372
2021-11-04,0.005787786169408379
2021-11-05,0.013023941758923754
2021-11-08,0.01784580269498999
2021-11-09,0.0070540239508351185
2021-11-10,0.014390014328214212
2021-11-11,0.014126374454189898
2021-11-12,0.03804216518454127
2021-11-15,0.021038756575512435
2021-11-16,0.005959995155890796
2021-11-17,0.0038802079020626157
2021-11-18,0.005054061043501437
2021-11-19,0.009213307497767817
2021-11-22,0.012477610330110765
2021-11-23,0.019380232885738532
2021-11-24,0.04309326539338297
2021-11-25,0.00483882443883412
2021-11-26,0.0014697788446881369
2021-11-29,0.03958971136161443
2021-11-30,0.03552286695635955
2021-12-01,0.003488281070278352
2021-12-02,0.005011398503991821
2021-12-03,0.025691403116633878
2021-12-06,0.02414434657582838
2021-12-07,0.038682604329279516
2021-12-08,0.008259396881663092
2021-12-09,0.0421606751556365
2021-12-10,0.020423044262652817
2021-12-13,0.0025462300360991966
2021-12-14,0.01119589763623572
2021-12-15,0.01866141788823794
2021-12-16,0.021919313816918334
2021-12-17,0.02359279793279362
2021-12-20,0.19287595641412195
2021-12-21,0.016443484076211535
2021-12-22,0.004729706165522558
2021-12-23,0.0017677758873845123
2021-12-24,0.016125639529336207
2021-12-27,0.0011165563626790824
2021-12-28,0.007863340287254529
2021-12-29,0.009006376283613123
2021-12-30,0.01413534014402781
2021-12-31,0.07795074941679969
2022-01-04,0.013843128711355818
2022-01-05,0.0056925483678233885
2022-01-06,0.014736695345950086
2022-01-07,0.01494530463597218
2022-01-10,0.17922294673945516
2022-01-11,0.009758516357837206
2022-01-12,0.006529396449889965
2022-01-13,0.018124881689966336
2022-01-14,0.16424231245727738
2022-01-17,0.048989005692914554
2022-01-18,0.004596077450942093
2022-01-19,0.06695944986050033
2022-01-20,0.008675476005997843
2022-01-21,0.032938059163977414
2022-01-24,0.03019474672125185
2022-01-25,0.07351187180226268
2022-01-26,0.21039408697259016
2022-01-27,0.3363543525086508
2022-01-28,0.07451842682873253
2022-02-07,0.01188805872815793
2022-02-08,0.04267150160737286
2022-02-09,0.004148947563662526
2022-02-10,0.012362501554949154
2022-02-11,0.0026606709792280636
2022-02-14,0.0891251753960943
2022-02-15,0.04595005170394552
2022-02-16,0.017878858690918355
2022-02-17,0.027089252330172238
2022-02-18,0.0072402772178100025
2022-02-21,0.0057593084315533186
2022-02-22,0.02410325041410201
2022-02-23,0.029086542155531317
2022-02-24,0.014207110106179408
2022-02-25,0.05556648252295649
2022-02-28,0.02423978659659335
2022-03-01,0.0033821980940100735
2022-03-02,0.01000395997357885
2022-03-03,0.01593651651567806
2022-03-04,0.0038085314864592865
2022-03-07,0.012348122742079339
2022-03-08,0.04375669009282506
2022-03-09,0.02130216648977435
2022-03-10,0.025141400518662774
2022-03-11,0.054669212592905414
2022-03-14,0.013610910827837545
2022-03-15,0.026136866927584754
2022-03-16,0.02716362890743032
2022-03-17,0.039752934905596844
2022-03-18,0.013070002911679472
2022-03-21,0.006276858609121104
2022-03-22,0.0024576861833290192
2022-03-23,0.004915669262043523
2022-03-24,0.10913777351820343
2022-03-25,0.0030913901182556686
2022-03-28,0.1907505746868172
2022-03-29,0.005186361670425903
2022-03-30,0.002594215867613471
2022-03-31,0.19589493747561848
2022-04-01,0.1878913021892064
2022-04-06,0.005826168250252284
2022-04-07,0.0026928988369910034
2022-04-08,0.004317126401092011
2022-04-11,0.007943703800424695
2022-04-12,0.018554463626375604
2022-04-13,0.006770954943884834
2022-04-14,0.1028544925498817
2022-04-15,0.11269540722831704
2022-04-18,0.007833561846323993
2022-04-19,0.010877700632975731
2022-04-20,0.10720818091201749
2022-04-21,0.017546086866176806
2022-04-22,0.007523974303719649
2022-04-25,0.014267926379827205
2022-04-26,0.03548064734836534
2022-04-27,0.008623983463936107
2022-04-28,0.012049142998618933
2022-04-29,0.001971981033798951
2022-05-05,0.010933916074675525
2022-05-06,0.005424650624803001
2022-05-09,0.009283823720716622
2022-05-10,0.0022483140558129944
2022-05-11,0.029201092166011505
2022-05-12,0.003669563069008369
2022-05-13,0.012150353656990218
2022-05-16,0.00820547408344104
2022-05-17,0.007360668787362964
2022-05-18,0.0036015450315295475
2022-05-19,0.009861527512171633
2022-05-20,0.00900283105224043
2022-05-23,0.08122398938619471
2022-05-24,0.0009108749581557378
2022-05-25,0.007528709928096337
2022-05-26,0.07697179467086446
2022-05-27,0.09925612345827618
2022-05-30,0.034017155896549765
2022-05-31,0.005813264353904921
2022-06-01,0.008144113746742104
2022-06-02,0.008277035956003195
2022-06-06,0.006050126195970406
2022-06-07,0.007091737737984619
2022-06-08,0.0020015104909875438
2022-06-09,0.005707022279407968
2022-06-10,0.0029234835077001087
2022-06-13,0.004004129448292967
2022-06-14,0.04494797084152488
2022-06-15,0.02735009301847946
2022-06-16,0.002681720439210257
2022-06-17,0.0029191416058102874
2022-06-20,0.004643186991912636
2022-06-21,0.00651038585214633
2022-06-22,0.0032300781382538987
2022-06-23,0.006513893868593874
2022-06-24,0.006778052129691656
2022-06-27,0.0076010638884864215
2022-06-28,0.03215661932957664
2022-06-29,0.005811857720545106
2022-06-30,0.006665365261879653
2022-07-01,0.0027372291330899565
2022-07-04,0.20514005185587678
2022-07-05,0.043710620260377205
2022-07-06,0.008618222571594742
2022-07-07,0.040225776583729805
2022-07-08,0.01093110631688449
2022-07-11,0.002812993040722793
2022-07-12,0.009410974291358145
2022-07-13,0.1750456270807616
2022-07-14,0.1784447402071819
2022-07-15,0.007235010967622971
2022-07-18,0.01786320004239303
2022-07-19,0.19571625880219906
2022-07-20,0.002562739047943737
2022-07-21,0.010006833887797398
2022-07-22,0.004650572453209472
2022-07-25,0.02633642082552419
2022-07-26,0.17010158139280124
2022-07-27,0.17295618557725437
2022-07-28,0.16966957632563262
2022-07-29,0.17073154036133933
2022-08-01,0.031441774317990834
2022-08-02,0.020410524603169392
2022-08-03,0.008044022739376391
2022-08-04,0.004666363240507624
2022-08-05,0.005977146387038765
2022-08-08,0.21545541201705268
2022-08-09,0.006005050192569934
2022-08-10,0.009181774246833974
2022-08-11,0.007441983215534482
2022-08-12,0.025142901066997358
2022-08-15,0.004756684424744348
2022-08-16,0.12328886337008177
2022-08-17,0.007577913129511681
2022-08-18,0.007838779364999233
2022-08-19,0.00968874250932077
2022-08-22,0.0030294410781973417
2022-08-23,0.005663973918718028
2022-08-24,0.01140692834569633
2022-08-25,0.01649069477645416
2022-08-26,0.007122463275304344
2022-08-29,0.006178314143568196
2022-08-30,0.030761216234337654
2022-08-31,0.003333447386738443
2022-09-01,0.2592534640793388
2022-09-02,0.24514179428496682
2022-09-05,0.010462606036068123
2022-09-06,0.23886586326606224
2022-09-07,0.002594323564953104
2022-09-08,0.011002196807716306
2022-09-09,0.00941630245662765
2022-09-13,0.01529052704396116
2022-09-14,0.012620405235202286
2022-09-15,0.012005051859226276
2022-09-16,0.007241428885782563
2022-09-19,0.016023852673613937
2022-09-20,0.22602593505169374
2022-09-21,0.23529244185559534
2022-09-22,0.0012833521989848995
2022-09-23,0.0037129088598985144
2022-09-26,0.014586699605040818
2022-09-27,0.059551588625309654
2022-09-28,0.017645565738474474
2022-09-29,0.00778126870268684
2022-09-30,0.01726138395807659
2022-10-10,0.010762588646935613
2022-10-11,0.2808067522275195
2022-10-12,0.29589880475483993
2022-10-13,0.017302165694733793
2022-10-14,0.004331635919768508
2022-10-17,0.03868942676355619
2022-10-18,0.00957425278165746
2022-10-19,0.011782219802325317
2022-10-20,0.005081634211890951
2022-10-21,0.3291920000281532
2022-10-24,0.0012185172364987985
2022-10-25,0.05742425755299061
2022-10-26,0.004494161808809894
2022-10-27,0.004075592649476774
2022-10-28,0.0029257081677653077
2022-10-31,0.015969080434320746
2022-11-01,0.3068327184132148
2022-11-02,0.03004348830636324
2022-11-03,0.009893503884431828
2022-11-04,0.0032422567592488016
2022-11-07,0.013635362275225937
2022-11-08,0.021030046577240433
2022-11-09,0.0016212849918671758
2022-11-10,0.12517428344864448
2022-11-11,0.00742626370783174
2022-11-14,0.028034803468501783
2022-11-15,0.049249605704611205
2022-11-16,0.0039201536067043005
2022-11-17,0.011198348292388943
2022-11-18,0.019576863029618738
2022-11-21,0.000984007271060395
2022-11-22,0.03305073006762783
2022-11-23,0.00170560575409575
2022-11-24,0.02451089993000348
2022-11-25,0.009988308856865177
2022-11-28,0.028583078066993048
2022-11-29,0.018233387722100015
2022-11-30,0.03739336938314777
2022-12-01,0.004750232237007337
2022-12-02,0.009043911032644764
2022-12-05,0.005533535544958189
2022-12-06,0.029303219128244323
2022-12-07,0.021196274577699847
2022-12-08,0.004645567131463697
2022-12-09,0.02123150567460711
2022-12-12,0.0011744417727966236
2022-12-13,0.004470793905334884
2022-12-14,0.031388095303732745
2022-12-15,0.023373963624300186
2022-12-16,0.013650673684550176
2022-12-19,0.010800766925009177
2022-12-20,0.008792192164531185
2022-12-21,0.010931377135481285
2022-12-22,0.01741301650893494
2022-12-23,0.004121301581446302
2022-12-26,0.01793449658197737
2022-12-27,0.004494868458110111
2022-12-28,0.006846302355789778
2022-12-29,0.020057530203143104
2022-12-30,0.0051809020564965585
2023-01-03,0.014432067447612724
2023-01-04,0.0021261720786324434
2023-01-05,0.02225928845333689
2023-01-06,0.015309623208097672
2023-01-09,0.03377110177934688
2023-01-10,0.028131516566923746
2023-01-11,0.0029983544202008966
2023-01-12,0.009559866363672398
2023-01-13,0.0036602304406266675
2023-01-16,0.01190889333563426
2023-01-17,0.007909335074753804
2023-01-18,0.0032991587178247475
2023-01-19,0.006859064743579793
2023-01-20,0.008775313087547788
2023-01-30,0.009141055135646878
2023-01-31,0.031210743473287797
2023-02-01,0.02919236756645089
2023-02-02,0.006953067263308084
2023-02-03,0.01055770693225401
2023-02-06,0.04447384633349491
2023-02-07,0.029264515955582632
2023-02-08,0.0004291147487342564
2023-02-09,0.005956193663898164
2023-02-10,0.010260390603883118
2023-02-13,0.009447874660150582
2023-02-14,0.011656188811666045
2023-02-15,0.0022724686872543157
2023-02-16,0.004253771468285629
2023-02-17,0.006757863226698954
2023-02-20,0.021721492597206807
2023-02-21,1.591271388875856
2023-02-22,0.0025399096452686995
2023-02-23,0.006989455988755694
2023-02-24,0.0019112644550429436
2023-02-27,0.0045433849806005774
2023-02-28,1.5936312792659735
2023-03-01,1.595531787708537
2023-03-02,0.006657790454549416
2023-03-03,0.0025063746666820833
2023-03-06,0.007164709912843677
2023-03-07,0.004116143561486388
2023-03-08,0.014594616173298509
2023-03-09,0.022586379221344786
2023-03-10,0.0021983974383048416
2023-03-13,0.018825069186519557
2023-03-14,0.00955247986927358
2023-03-15,0.023836747990361205
2023-03-16,0.0036141855071175934
2023-03-17,0.011566418902611404
2023-03-20,0.0033078758223793296
2023-03-21,0.04654752733010052
2023-03-22,0.004663362216189328
2023-03-23,0.012070536134488531
2023-03-24,0.00279288182186228
2023-03-27,0.009187353532728988
2023-03-28,0.004132639979208465
2023-03-29,0.003165163138757955
2023-03-30,0.0009997180938532274
2023-03-31,0.004937020224156045
2023-04-03,0.0013229358654123537
2023-04-04,0.01476663001062559
2023-04-06,0.0018872413530017715
2023-04-07,0.007639828674805473
2023-04-10,0.0018284164365901245
2023-04-11,0.01940705078299616
2023-04-12,0.0016209331743325082
2023-04-13,0.0017333319373343606
2023-04-14,1.742390296066077
2023-04-17,0.007087032640165476
2023-04-18,0.010447551799697908
2023-04-19,0.0027498826399912774
2023-04-20,0.006361920775252088
2023-04-21,1.7935838662487509
2023-04-24,1.738581067041142
2023-04-25,0.07058742321923506
2023-04-26,1.7466572275887193
2023-04-27,0.06714699924585485
2023-04-28,0.14399583902819457
2023-05-04,0.18075732456733185
2023-05-05,0.015277709087358964
2023-05-08,0.07309488085399646
2023-05-09,0.002674809024555344
2023-05-10,1.6260209550236608
2023-05-11,0.023618553151106652
2023-05-12,1.6020029347778117
2023-05-15,0.013266662154419961
2023-05-16,1.583468050334611
2023-05-17,0.01672501397235175
2023-05-18,0.0015350736156502093
2023-05-19,0.006632126542551145
2023-05-22,0.016705348320427922
2023-05-23,1.5794226789709678
2023-05-24,0.07763646218416487
2023-05-25,0.009494152125077551
2023-05-26,0.03672361071009869
2023-05-29,0.07910685755207654
2023-05-30,0.09654580830339103
2023-05-31,0.07364198263274728
2023-06-01,1.5036037723697506
2023-06-02,0.10348817795790813
2023-06-05,0.13642152829892656
2023-06-06,0.019882809252673043
2023-06-07,0.1660387798298848
2023-06-08,0.2753906287544308
2023-06-09,0.17223837441280032
2023-06-12,0.009386465986443687
2023-06-13,0.0016353042303308349
2023-06-14,0.006672302923647268
2023-06-15,0.1566926490623763
2023-06-16,0.11009422334838988
2023-06-19,0.22307949455561604
2023-06-20,0.0070287610544998574
2023-06-21,0.0013435706841359515
2023-06-26,0.26988349980735044
2023-06-27,0.010549292353379355
2023-06-28,0.008402374751568152
2023-06-29,0.09552004894262472
2023-06-30,0.0007459886677754143
2023-07-03,0.015787968186003698
2023-07-04,0.012467323970053054
2023-07-05,0.002335461428731714
2023-07-06,0.01842690247164551
2023-07-07,0.005418892827824033
2023-07-10,0.010404523841733869
2023-07-11,0.007705347412080947
2023-07-12,0.005324408215070339
2023-07-13,0.0028116248956046655
2023-07-14,0.03502713046401681
2023-07-17,0.006333845488010817
2023-07-18,0.009098406394127956
2023-07-19,0.0011862930546862674
2023-07-20,0.04062344812876471
2023-07-21,0.012485789735218307
2023-07-24,0.006921878188151855
2023-07-25,0.0037994790404570905
2023-07-26,0.10326139081895111
2023-07-27,0.005306424586572489
2023-07-28,0.006081522405945582
2023-07-31,0.03706072086645253
2023-08-01,0.010978454157102503
2023-08-02,0.08580120315054104
2023-08-03,0.011780464884318685
2023-08-04,0.018632518285118506
2023-08-07,0.005981990806083831
2023-08-08,0.004786609946520852
2023-08-09,0.0022626034213761026
2023-08-10,0.002828517091882733
2023-08-11,0.003087122291992629
2023-08-14,0.023970616099546004
2023-08-15,0.001950721174060914
2023-08-16,0.06550342895200079
2023-08-17,0.012859371845339695
2023-08-18,0.004450806155094689
2023-08-21,0.013695877650935703
2023-08-22,0.0038128091041837175
2023-08-23,0.009071125141455492
2023-08-24,0.013127766149422425
2023-08-25,0.014638915042437133
2023-08-28,0.018433789576639978
2023-08-29,0.03177016090690039
2023-08-30,0.027500917470582233
2023-08-31,0.0535267320126768
2023-09-01,0.006847709792513625
2023-09-04,0.018255064471915605
2023-09-05,0.0679587341836776
2023-09-06,0.007309227006813503
2023-09-07,0.003953070730990646
2023-09-08,0.013366006304354826
2023-09-11,0.03037846223517847
2023-09-12,0.0047941843738172965
2023-09-13,0.014103205220451068
2023-09-14,0.013615207985676371
2023-09-15,0.03476531420731186
2023-09-18,0.06986360111023446
2023-09-19,0.008999299304825188
2023-09-20,0.020180564495463738
2023-09-21,0.018488368914657875
2023-09-22,0.0060047732937747525
2023-09-25,0.025260334449250743
2023-09-26,0.00524903342738238
2023-09-27,0.015428767168029274
2023-09-28,0.048754136029930985
2023-10-09,0.1570121215135884
2023-10-10,0.024882733515564727
2023-10-11,0.02036656732069953
2023-10-12,1.2688188815659318
2023-10-13,0.020258278622671197
2023-10-16,0.004160987165140233
2023-10-17,0.02799125240853878
2023-10-18,0.003834030797895828
2023-10-19,0.013122475766363072
2023-10-20,0.019195259065189353
2023-10-23,0.010660411705016033
2023-10-24,0.008898362790932542
2023-10-25,0.004008764608265207
2023-10-26,0.008504880751861454
2023-10-27,0.02775148744908716
2023-10-30,0.02079116739066221
2023-10-31,0.012760326908979464
2023-11-01,0.00011526116120527674
2023-11-02,0.010942896183392878
2023-11-03,0.011824758221173147
2023-11-06,0.009050405150904772
2023-11-07,1.3837916373357761
2023-11-08,0.009539620191648578
2023-11-09,1.3979765618861322
2023-11-10,0.0088429600591425
2023-11-13,0.013675204025926868
2023-11-14,0.014174660370070119
2023-11-15,1.4163482183473333
2023-11-16,0.010214371702196405
2023-11-17,0.0075469500066432035
2023-11-20,0.005443128632447294
2023-11-21,0.02139883803255293
2023-11-22,0.004817744717420698
2023-11-23,1.4511128239921198
2023-11-24,1.4334507480979743
2023-11-27,0.007330470299541272
2023-11-28,1.4241862635643696
2023-11-29,1.4244651521986749
2023-11-30,0.008244193870597355
2023-12-01,0.009996754407452034
2023-12-04,0.008565409858162766
2023-12-05,0.0162092735837102
2023-12-06,0.049609791240208215
2023-12-07,0.10430028899044654
2023-12-08,0.00863392390294511
2023-12-11,0.00715773434430321
2023-12-12,0.17749151512128922
2023-12-13,0.005034109231435248
2023-12-14,0.16942641396034513
2023-12-15,0.022639564513943215
2023-12-18,0.012617230973625174
2023-12-19,0.004902549409629725
2023-12-20,0.00037609459556060126
2023-12-21,0.009023377868333182
2023-12-22,0.020885527086647884
2023-12-25,1.473521860171452
2023-12-26,1.4508081734297094
2023-12-27,0.0027919923794571533
2023-12-28,0.00650226740238103
2023-12-29,0.042296308620193256
2024-01-02,0.002970438280784915
2024-01-03,0.021622498604603663
2024-01-04,0.013704869338707862
2024-01-05,0.0039344587894877825
2024-01-08,0.0065645078109754715
2024-01-09,0.00630568613158819
2024-01-10,0.02389247690052447
2024-01-11,0.003547476086063324
2024-01-12,0.005652067632789547
2024-01-15,0.005586295810519726
2024-01-16,0.005677874666955136
2024-01-17,0.01414748332401821
2024-01-18,0.04656627824516537
2024-01-19,0.008656622064750596
2024-01-22,0.10572914500968811
2024-01-23,0.10713529271702063
2024-01-24,0.08876680898241858
2024-01-25,0.006693112301128172
2024-01-26,0.0140692413925924
2024-01-29,0.007573737661812345
2024-01-30,0.0046782091429339034
2024-01-31,0.09036058760810488
2024-02-01,0.01543877645471347
2024-02-02,0.021810584129231238
2024-02-05,0.009097781756412411
2024-02-06,0.022053601669330875
2024-02-07,0.04747253108955877
2024-02-08,0.10537370931972398
2024-02-19,0.018789992788014645
2024-02-20,0.009360776423487295
2024-02-21,0.09797941113787362
2024-02-22,0.008586017535453586
2024-02-23,0.014365761546241293
2024-02-26,0.010913950640384772
2024-02-27,0.014755094477893319
2024-02-28,0.08982362338811095
2024-02-29,0.0037307829891280175
2024-03-01,0.09237190835080358
2024-03-04,0.0036243249742560837
2024-03-05,0.06521775522103612
2024-03-06,0.041377333224451154
2024-03-07,0.01656062742199388
2024-03-08,0.017454785720208026
2024-03-11,0.006049319414773442
2024-03-12,0.010250222102215593
2024-03-13,0.11251641558456749
2024-03-14,0.002869185033296466
2024-03-15,0.006367119877758919
2024-03-18,0.002471620574670222
2024-03-19,0.11190989969053898
2024-03-20,0.004254026634879282
2024-03-21,0.002638746905109471
2024-03-22,0.05164488226764733
2024-03-25,0.013042153130561417
2024-03-26,0.00815036606982708
2024-03-27,0.0011142100181716769
2024-03-28,0.01695802645603587
2024-03-29,0.0058520629212460845
2024-04-01,0.020236923809143742
2024-04-02,0.011987071404533305
2024-04-03,0.003277243469375267
2024-04-08,0.0076154161520586156
2024-04-09,0.015990861431683975
2024-04-10,0.007604370557014281
2024-04-11,0.002819611538804702
2024-04-12,0.012290817659230367
2024-04-15,0.01921596511223534
2024-04-16,0.03606672329385025
2024-04-17,0.02691983087616444
2024-04-18,0.006084257666956978
2024-04-19,0.004023243151209048
2024-04-22,0.00904647607125205
2024-04-23,0.01464105369176346
2024-04-24,0.01696027389333952
2024-04-25,0.1316869833492398
2024-04-26,0.005123718747918442
2024-04-29,0.025006240830663946
2024-04-30,0.14328192862069666
2024-05-06,0.05045224813690388
2024-05-07,0.028831649609377952
2024-05-08,0.005713358265836618
2024-05-09,0.007285831779157592
2024-05-10,0.005588704460053245
2024-05-13,0.019960070334244323
2024-05-14,0.007590447454407262
2024-05-15,0.0005667796327469832
2024-05-16,0.008476533141393197
2024-05-17,0.011175333760324604
2024-05-20,0.0070450886175675576
2024-05-21,0.02261347401721256
2024-05-22,0.007285692668755575
2024-05-23,0.0007500151502449204
2024-05-24,0.025237652109220937
2024-05-27,0.02800422821112944
2024-05-28,0.009141506405620989
2024-05-29,0.0035588647295745762
2024-05-30,0.004476980675644324
2024-05-31,0.017890645459711967
2024-06-03,0.0014385794801981683
2024-06-04,0.005859319795979388
2024-06-05,0.018558025991764704
2024-06-06,0.004115841912113116
2024-06-07,0.018861089381549394
2024-06-11,0.0043928550835665645
2024-06-12,0.02552592666239084
2024-06-13,0.003074842572635919
2024-06-14,0.01583888272232075
2024-06-17,0.006868044816491128
2024-06-18,0.004057526352515592
2024-06-19,0.005518763133473305
2024-06-20,0.0013523423726873804
2024-06-21,0.004655403425040151
2024-06-24,0.011433584794657767
2024-06-25,0.007120863428097195
2024-06-26,0.014204571727583305
2024-06-27,0.012099692464039927
2024-06-28,0.009846103698287874
2024-07-01,0.005628853084399893
2024-07-02,0.08039077792747878
2024-07-03,0.009006952069902825
2024-07-04,0.025683357363138128
2024-07-05,0.008804607742734574
2024-07-08,0.01439572707018038
2024-07-09,0.057541507431179896
2024-07-10,0.02705637439832259
2024-07-11,0.013031521972030419
2024-07-12,0.03300786131952895
2024-07-15,0.0431342697406186
2024-07-16,0.009595507319514654
2024-07-17,0.013158239777391827
2024-07-18,0.009561135869406753
2024-07-19,0.0051792185204022415
2024-07-22,0.03993428402461442
2024-07-23,0.045560205420263365
2024-07-24,0.042037939441130476
2024-07-25,0.012387170454324178
2024-07-26,0.026070261586089764
2024-07-29,0.006785846892009423
2024-07-30,0.006011149870464964
2024-07-31,0.00813558826145376
2024-08-01,0.0411571199432427
2024-08-02,0.020703053285534012
2024-08-05,0.021849030305134194
2024-08-06,0.057094234796041664
2024-08-07,0.04293860156413909
2024-08-08,0.012334876499356079
2024-08-09,0.018729792960474945
2024-08-12,0.02279632403429662
2024-08-13,0.17350810636289793
2024-08-14,0.045497111822346385
2024-08-15,0.004090318380598951
2024-08-16,0.016913872349647675
2024-08-19,0.007282541668974615
2024-08-20,0.0074414378063300465
2024-08-21,0.0030811360324179346
2024-08-22,0.006458165333172831
2024-08-23,0.024742194679412924
2024-08-26,0.006056513770100164
2024-08-27,0.0053077320517006185
2024-08-28,0.0022248800312139536
2024-08-29,0.006280209322003828
2024-08-30,0.004012109068734913
2024-09-02,0.03272668509583519
2024-09-03,0.028373533270874954
2024-09-04,0.12601453385181335
2024-09-05,0.03478995225238393
2024-09-06,0.005831138668310337
2024-09-09,0.005504938289230314
2024-09-10,0.015994565752445157
2024-09-11,0.00445389683439034
2024-09-12,0.009866981546255815
2024-09-13,0.03212828824334889
2024-09-18,0.019733031126285203
2024-09-19,0.012677448390431348
2024-09-20,0.016964884184391564
2024-09-23,0.011406772731734786
2024-09-24,0.006172670538378326
2024-09-25,0.09895906072096672
2024-09-26,0.03173575593586133
2024-09-27,0.03188454731376555
2024-09-30,0.09331244353178497
2024-10-08,0.047156343881651554
2024-10-09,0.03744802929804027
2024-10-10,0.03567048615038088
2024-10-11,0.019664992936463108
2024-10-14,0.016424982597698944
2024-10-15,0.011256711845172213
2024-10-16,0.010870114004295814
2024-10-17,0.022865682098921584
2024-10-18,0.007014337834394389
2024-10-21,0.005205339881845045
2024-10-22,0.012527426037797891
2024-10-23,0.010424422771249393
2024-10-24,0.004507995091818838
2024-10-25,0.02454973788336188
2024-10-28,0.0008274655393251534
2024-10-29,0.0042628017148765365
2024-10-30,0.004174729013894464
2024-10-31,0.010666658033568109
2024-11-01,0.01812118442199507
2024-11-04,0.00878592065877478
2024-11-05,0.08031148927431192
2024-11-06,0.0024514873106727397
2024-11-07,0.03717445003941192
2024-11-08,0.051362297313488875
2024-11-11,0.005652814315528776
2024-11-12,0.0012321374046977487
2024-11-13,0.011957553227690945
2024-11-14,0.0023880453479242225
2024-11-15,0.019277964530696634
2024-11-18,0.005182993850941467
2024-11-19,0.007059261797954373
2024-11-20,0.013444279561241196
2024-11-21,0.0024286779402623304
2024-11-22,0.00744325505508997
2024-11-25,0.009382282580185503
2024-11-26,0.007643325835098712
2024-11-27,0.01154704188437121
2024-11-28,0.003534974484813061
2024-11-29,0.0012516609449108596
2024-12-02,0.0023037279102527397
2024-12-03,0.04899689110085235
2024-12-04,0.010063010795810165
2024-12-05,0.0033072021821252406
2024-12-06,0.014914825426869366
2024-12-09,0.002975108263416369
2024-12-10,0.006888311570490108
2024-12-11,0.09544910047946305
2024-12-12,0.0027147983591479866
2024-12-13,0.003795313279338769
2024-12-16,0.07535623565204733
2024-12-17,0.009231260169816013
2024-12-18,0.03414075883023895
2024-12-19,0.002667322824829503
2024-12-20,0.043686576246396665
2024-12-23,0.17067010917423892
2024-12-24,0.042407783662453846
2024-12-25,0.007856373693617746
2024-12-26,0.037761886682235166
2024-12-27,0.0011036463182682657
2024-12-30,0.018822258551722273
2024-12-31,0.033710831561460784
2025-01-02,0.007133473807517179
2025-01-03,0.023238607699362604
2025-01-06,0.021588481682873167
2025-01-07,0.014417835162216439
2025-01-08,0.0253902771702139
2025-01-09,0.1401205952521595
2025-01-10,0.15296700707346608
2025-01-13,0.0034471881951981254
2025-01-14,0.018911752674608366
2025-01-15,0.034580918890960675
2025-01-16,0.11883502862564506
2025-01-17,0.011041732699496085
2025-01-20,0.0016102130745271129
2025-01-21,0.00685682691738615
2025-01-22,0.0007322711881372068
2025-01-23,0.12153275243444497
2025-01-24,0.013104720605407537
2025-01-27,0.006740260094736168
2025-02-05,0.18990772238190384
2025-02-06,0.2570456108020846
2025-02-07,0.008534741763137357
2025-02-10,0.14049576126965177
2025-02-11,0.015050644960325904
2025-02-12,0.13771384455865188
2025-02-13,0.12230012142575712
2025-02-14,0.009883701542982098
2025-02-17,0.1374531177769026
2025-02-18,0.130593319599986
2025-02-19,0.1172038087651299
2025-02-20,0.013149609053417811
2025-02-21,0.014673709152367709
2025-02-24,0.01226669457151272
2025-02-25,0.03390995953803304
2025-02-26,0.012753178629795733
2025-02-27,0.012653219834934393
2025-02-28,0.004967790144194316
2025-03-03,0.060390312848016915
2025-03-04,0.041490679375095055
2025-03-05,0.015753456371539076
2025-03-06,0.006274488338920914
2025-03-07,0.010751199515845009
2025-03-10,0.02202741857984805
2025-03-11,0.01228844115327933
2025-03-12,0.02241710760771047
2025-03-13,0.09270453257699096
2025-03-14,0.006145866916940426
2025-03-17,0.05627721449360738
2025-03-18,0.016571242597621924
2025-03-19,0.0026155719779198394
2025-03-20,0.007534762796442232
2025-03-21,0.020559766068315208
2025-03-24,0.021183620817840337
2025-03-25,0.00805549617089972
2025-03-26,0.010887155854769424
2025-03-27,0.009952628392463532
2025-03-28,0.004086366824208515
2025-03-31,0.033280273655337665
2025-04-01,0.024324991031670212
2025-04-02,0.012792213456683708
2025-04-03,0.13752125861453338
2025-04-07,0.08500386111944591
2025-04-08,0.2270840009711773
2025-04-09,0.007930269734727637
2025-04-10,0.009766037781374269
2025-04-11,0.04462400211310758
2025-04-14,0.006573787452896749
2025-04-15,0.0066388065083799915
2025-04-16,0.0009337518211749753
2025-04-17,0.01607937852477063
2025-04-18,0.004720546674894032
2025-04-21,0.0020425008564867522
2025-04-22,0.004751929625113286
2025-04-23,0.024799957441995507
2025-04-24,0.05868631837094091
2025-04-25,0.004702026610599035
2025-04-28,0.0031574973603781323
2025-04-29,0.0008877092829041033
2025-04-30,0.01050381523950352
2025-05-06,0.002018056576813358
2025-05-07,0.002958732367659145
2025-05-08,0.0007649238164599281
2025-05-09,0.022914471732601138
2025-05-12,0.07372055964484484
2025-05-13,0.007911074373688487
2025-05-14,0.004625489721821904
2025-05-15,0.07692444479830539
2025-05-16,0.008956781852938307
2025-05-19,0.0019302465506949099
2025-05-20,0.00153546424847871
2025-05-21,0.0004470816679536041
2025-05-22,0.009368791526872366
2025-05-23,0.00556921341147134
2025-05-26,0.0038081833960909722
2025-05-27,0.0020875931096982006
2025-05-28,0.0010699529373268957
2025-05-29,0.0009612774494392323
2025-05-30,0.013541750915916091
2025-06-03,0.008179098728961137
2025-06-04,0.0023242485449949946
2025-06-05,0.003388406540126794
2025-06-06,0.002047179112352693
2025-06-09,0.00806119752403868
2025-06-10,0.0026727349669484063
2025-06-11,0.005387705192797396
2025-06-12,0.005800209017452887
2025-06-13,0.0015104552641989413
2025-06-16,0.01965032010676922
2025-06-17,0.0014375683167901117
2025-06-18,0.017234278682821413
2025-06-19,0.00044057163438050023
2025-06-20,0.008300650175936106
2025-06-23,0.0011394878685801538
2025-06-24,0.0012471949024002275
2025-06-25,0.029850757578289925
2025-06-26,0.01985755314408658
2025-06-27,0.0019233410605923873
2025-06-30,0.002184462871556214
2025-07-01,0.007548651214477391
2025-07-02,0.003720329931363151
2025-07-03,0.005362212558671208
2025-07-04,0.0031370982910970333
2025-07-07,0.001473412295598421
2025-07-08,0.002996383325643715
2025-07-09,0.020106636887001386
2025-07-10,0.006829902578729511
2025-07-11,0.012664914296762031
2025-07-14,0.0017769100533050163
2025-07-15,0.0046652919058816494
2025-07-16,0.02654662204209708
2025-07-17,0.005701118171836186
2025-07-18,0.007051238878346241
2025-07-21,0.005974797974942853
2025-07-22,0.010778662704591806
2025-07-23,0.005579922688570948
2025-07-24,0.0032333010853126155
2025-07-25,0.08515286875580536
2025-07-28,0.009050553231283173
2025-07-29,0.025594423124824857
2025-07-30,0.028594220842943947
2025-07-31,0.025459225463581765
2025-08-01,0.05034613779586229
2025-08-04,0.025199071650281395
2025-08-05,0.022440250247021246
2025-08-06,0.011370202160331924
2025-08-07,0.001794509506867742
2025-08-08,0.010518287328612125
2025-08-11,0.0012940156661643346
2025-08-12,0.02490246980882474
2025-08-13,0.00375740235470675
2025-08-14,0.006668129856606052
2025-08-15,0.0013535861509743966
2025-08-18,0.006833383847584744
2025-08-19,0.0915317997780049
2025-08-20,0.007907671040934747
2025-08-21,0.019764725238295013
2025-08-22,0.00499177798208672
2025-08-25,0.034605904274752644
2025-08-26,0.009102124727523267
2025-08-27,0.007089961749804134
2025-08-28,0.01482157566025142
2025-08-29,0.012030425061263825
2025-09-01,0.0009533920596546952
2025-09-02,0.04759280941958528
2025-09-03,0.005967136449453618
2025-09-04,0.012663587974659773
2025-09-05,0.02490278143996906
2025-09-08,0.03614006243899419
2025-09-09,0.005647652302475381
2025-09-10,0.017267518033386074
2025-09-11,0.00261881903194941
2025-09-12,0.01094787640916723
2025-09-15,0.002590409519999594
2025-09-16,0.003842467639568893
2025-09-17,0.0065113303018078245
2025-09-18,0.011901786292373706
2025-09-19,0.011468360964307693
2025-09-22,0.028679185437128926
2025-09-23,0.01563451895187124
2025-09-24,0.015734669027371917
2025-09-25,0.008453804914268025
2025-09-26,0.00568395302391949
2025-09-29,0.009365927714110787
2025-09-30,0.013191537449674634
2025-10-09,0.03533817576578819
2025-10-10,0.06506405095662413
2025-10-13,0.027302361802394343
2025-10-14,0.030851144562856564
2025-10-15,0.008589530474969832
2025-10-16,0.004326208746222693
2025-10-17,0.0008480888279701407
2025-10-20,0.02195091061172494
2025-10-21,0.01959702132916634
2025-10-22,0.008295858270471045
2025-10-23,0.011462932997132021
2025-10-24,0.0017679103694453538
2025-10-27,0.010210351307849738
2025-10-28,0.012748786499900678
2025-10-29,0.058205899616642715
2025-10-30,0.0031141950451653855
2025-10-31,0.0032328024677418347
2025-11-03,1.7357956367716179
2025-11-04,0.005742776208533924
2025-11-05,0.010434048293726381
2025-11-06,0.0048205616007949564
2025-11-07,0.004874962477856074
2025-11-10,1.7506254633305762
2025-11-11,0.003661509555823547
2025-11-12,0.003996820877945426
2025-11-13,0.007580895066015971
2025-11-14,1.6805857103305766
2025-11-17,1.6957639871929446
2025-11-18,0.006082133086689378
2025-11-19,0.01584267765064514
2025-11-20,0.005896135844201664
2025-11-21,0.009211461320232896
2025-11-24,0.024544837216381295
2025-11-25,0.0008732484372277749
2025-11-26,0.006208523844685912
2025-11-27,0.03167995069595292
2025-11-28,0.0010898437697426412
2025-12-01,0.002820975423696647
2025-12-02,0.004267838489758022
2025-12-03,0.00131026898104274
2025-12-04,0.004408753144603192
2025-12-05,0.023515251674839647
2025-12-08,0.004620886909697679
2025-12-09,0.002123674074453425
2025-12-10,0.003505370882961635
2025-12-11,0.0005833463069307467
2025-12-12,0.06785953303575747
2025-12-15,0.06397388970060644
2025-12-16,0.06525481475406289
2025-12-17,0.00969795449635941
2025-12-18,0.06907061259834876
2025-12-19,0.0065341534888518245
2025-12-22,0.004494423105888157
2025-12-23,0.005133474682126736
2025-12-24,0.06575750371003043
2025-12-25,0.0063437969114007176
2025-12-26,0.003931559791357973
2025-12-29,0.0007448947703887418
2025-12-30,0.03546445734913367
2025-12-31,0.010962742656683518
2026-01-05,0.003072386507312251
2026-01-06,0.013408655717751995
2026-01-07,1.6101226845251158
2026-01-08,0.0013509913256042755
2026-01-09,0.016454477258168912
2026-01-12,0.00638391577903228
2026-01-13,0.005443300755146714
2026-01-14,0.0035244492715257036
2026-01-15,0.003730900884814939
2026-01-16,0.0018529543626880363
2026-01-19,0.0068576064272730455
2026-01-20,0.0049869169125454915
2026-01-21,0.006993977805568048
2026-01-22,0.011803838702427703
2026-01-23,0.027363428490036965
2026-01-26,0.007509928443951541
2026-01-27,0.028153105861454218
2026-01-28,0.0037546296720642747
2026-01-29,0.033453696275684675
2026-01-30,0.021193285219758103
2026-02-02,0.03381930173510025
2026-02-03,0.05259755948140466
2026-02-04,0.0163604853264923
2026-02-05,0.0032710869564635744
2026-02-06,0.00390854119384266
2026-02-09,0.003656604815828527
2026-02-10,0.009624415493212482
2026-02-11,0.0009520848897670298
2026-02-12,0.002061891300683164
2026-02-13,0.00142847187523195
2026-02-24,0.0041909076010694345
2026-02-25,0.004235317178777027
2026-02-26,0.030084313203904818
2026-02-27,0.030067993638674732
2026-03-02,0.00640817881771891
2026-03-03,0.009747170974346086
2026-03-04,0.009034089184843023
2026-03-05,0.002672923433282107
2026-03-06,0.012036463663096698
2026-03-09,0.02010623887899178
2026-03-10,0.026009838833762625
2026-03-11,0.035749495864380074
2026-03-12,0.0012503924345597644
2026-03-13,0.0008719679637996924
2026-03-16,0.0012503846641735896
2026-03-17,0.01150904593460756
2026-03-18,0.0024632617237176028
2026-03-19,0.01716944128377703
2026-03-20,0.010903584689668863
2026-03-23,0.02708717409776231
2026-03-24,0.05323996432809076
2026-03-25,0.0107585262890055
2026-03-26,0.01303507242828796
2026-03-27,0.002614536538963796
2026-03-30,0.0030238702720369447
