,nav
2014-08-01,0.984387800415533
2014-08-04,0.9803511945963489
2014-08-05,0.9801711817602857
2014-08-06,0.9804240366401583
2014-08-07,0.9836289346693137
2014-08-08,0.9827664056976864
2014-08-11,0.9801518070983314
2014-08-12,0.9813484592924812
2014-08-13,0.9802816967571006
2014-08-14,0.9816534419431946
2014-08-15,0.9787316288707711
2014-08-18,0.9788079780529628
2014-08-19,0.9789945846680952
2014-08-20,0.9798620506074358
2014-08-21,0.9808870198054699
2014-08-22,0.980389736309589
2014-08-25,0.9816539981592564
2014-08-26,0.9818831876335501
2014-08-27,0.9826064907732383
2014-08-28,0.9812908026252413
2014-08-29,0.9824565876497188
2014-09-01,0.9825873892492549
2014-09-02,0.9848868907950261
2014-09-03,0.9862507292279105
2014-09-04,0.9875922201401858
2014-09-05,0.9887936299628698
2014-09-09,0.9882505269460935
2014-09-10,0.9884621573881792
2014-09-11,0.9887653695118029
2014-09-12,0.990724701079936
2014-09-15,0.9898229924223937
2014-09-16,0.9872727046420461
2014-09-17,0.9882069267915023
2014-09-18,0.987044528341287
2014-09-19,0.9887814490535219
2014-09-22,0.9876110538143448
2014-09-23,0.9855757103310453
2014-09-24,0.9851566318047483
2014-09-25,0.9881248563137189
2014-09-26,0.9835007502811965
2014-09-29,0.9833041775966912
2014-09-30,0.9802290955609675
2014-10-08,0.9760290426401137
2014-10-09,0.9767309919633518
2014-10-10,0.9749117151970162
2014-10-13,0.9714115067117262
2014-10-14,0.9654701942173376
2014-10-15,0.9658789482286161
2014-10-16,0.9620180095528029
2014-10-17,0.9611130413526539
2014-10-20,0.9613119458975103
2014-10-21,0.9614837886817459
2014-10-22,0.9656639979927493
2014-10-23,0.9675074243823459
2014-10-24,0.969929222544101
2014-10-27,0.9695109368900815
2014-10-28,0.9743228436709391
2014-10-29,0.9743628322865833
2014-10-30,0.9764071872997192
2014-10-31,0.9789814579744056
2014-11-03,0.9836161979599432
2014-11-04,0.986875000460887
2014-11-05,0.9914257071314068
2014-11-06,0.9907438853889357
2014-11-07,0.9944529720066068
2014-11-10,0.9879054591339259
2014-11-11,0.9905025196135354
2014-11-12,0.9862570600198621
2014-11-13,0.986620890116485
2014-11-14,0.9865366336852812
2014-11-17,0.9824495766635036
2014-11-18,0.9855834102282535
2014-11-19,0.9865683077776445
2014-11-20,0.9857081391989682
2014-11-21,0.9829512975881377
2014-11-24,0.9787638719905616
2014-11-25,0.9798570722915785
2014-11-26,0.97912511760005
2014-11-27,0.9795161007675046
2014-11-28,0.9780401096107586
2014-12-01,0.9812750502848105
2014-12-02,0.9779129756328129
2014-12-03,0.9764242886046223
2014-12-04,0.9807751210966903
2014-12-05,0.9771429491952108
2014-12-08,0.9813056222845672
2014-12-09,0.9720100007759064
2014-12-10,0.9756593050168165
2014-12-11,0.9722964549415215
2014-12-12,0.9737716413229361
2014-12-15,0.9735774397892842
2014-12-16,0.9771390023504817
2014-12-17,0.9790148088554314
2014-12-18,0.9808508888704529
2014-12-19,0.9865734346402021
2014-12-22,0.9858727969140444
2014-12-23,0.987482408530218
2014-12-24,0.9868496461388976
2014-12-25,0.9892013171962911
2014-12-26,0.9903584659265743
2014-12-29,0.9897666651279411
2014-12-30,0.9890901609867431
2014-12-31,0.989300976243711
2015-01-05,0.988127417136271
2015-01-06,0.9851130859643025
2015-01-07,0.9854957240362402
2015-01-08,0.9868775662311341
2015-01-09,0.9888746090069022
2015-01-12,0.9883358959946094
2015-01-13,0.9873402771802957
2015-01-14,0.9876115601550338
2015-01-15,0.9915675593894864
2015-01-16,0.9917989891631402
2015-01-19,0.9824894726417025
2015-01-20,0.9845750604525836
2015-01-21,0.985262813518326
2015-01-22,0.9885763853914449
2015-01-23,0.9903125385534804
2015-01-26,0.9913572894207876
2015-01-27,0.9926509481973149
2015-01-28,0.9889373031224076
2015-01-29,0.986429468285709
2015-01-30,0.9871893255694866
2015-02-02,0.9832321217047888
2015-02-03,0.986756850951063
2015-02-04,0.9871119336325664
2015-02-05,0.9881147342458458
2015-02-06,0.9904682331844867
2015-02-09,0.987505377230375
2015-02-10,0.9832476086360069
2015-02-11,0.9882322780291103
2015-02-12,0.9895685306262334
2015-02-13,0.9951936162692246
2015-02-16,0.9956187345782944
2015-02-17,0.996979063011534
2015-02-25,0.9958817267279567
2015-02-26,0.9962117308384034
2015-02-27,0.9968013992776815
2015-03-02,0.9971661546755124
2015-03-03,0.9961531130189805
2015-03-04,0.9960010515446014
2015-03-05,0.9925301316818624
2015-03-06,0.9918375770322815
2015-03-09,0.9864666010897045
2015-03-10,0.9839613030117639
2015-03-11,0.9846721213901632
2015-03-12,0.9861758632169266
2015-03-13,0.9860110040743153
2015-03-16,0.9886499149645798
2015-03-17,0.9904353681460079
2015-03-18,0.9933050739722563
2015-03-19,0.9958991633673615
2015-03-20,0.9974079250488096
2015-03-23,0.9986420838766842
2015-03-24,0.9977691223453706
2015-03-25,0.9977043617148829
2015-03-26,0.993934668248175
2015-03-27,0.9938802001794496
2015-03-30,0.9942049188547778
2015-03-31,0.990855183079814
2015-04-01,0.9910569259815366
2015-04-02,0.9895210474888162
2015-04-03,0.9912506096449359
2015-04-07,0.9918379342229953
2015-04-08,0.9909964646862727
2015-04-09,0.9931605684431953
2015-04-10,0.9968876459919013
2015-04-13,0.9980282324795953
2015-04-14,0.9998556455651734
2015-04-15,0.9998748856568399
2015-04-16,1.0061478037651024
2015-04-17,1.00688621186498
2015-04-20,1.0017923510300881
2015-04-21,1.007016617812673
2015-04-22,1.0101775148386833
2015-04-23,1.0118494434414858
2015-04-24,1.0128256555568556
2015-04-27,1.0197141688435583
2015-04-28,1.0162941648500259
2015-04-29,1.015974703465602
2015-04-30,1.0156220219340646
2015-05-04,1.0160448644058933
2015-05-05,1.0125875915350433
2015-05-06,1.0071102589880514
2015-05-07,1.008654604827693
2015-05-08,1.0127480033860732
2015-05-11,1.0163820888195463
2015-05-12,1.0167203930211925
2015-05-13,1.0147608825057668
2015-05-14,1.0135568164677027
2015-05-15,1.012885791147905
2015-05-18,1.0106057020255812
2015-05-19,1.0137580552229006
2015-05-20,1.015650479451964
2015-05-21,1.0169849310933137
2015-05-22,1.0181824720939532
2015-05-25,1.0192491577228824
2015-05-26,1.0205623717698145
2015-05-27,1.020085304527452
2015-05-28,1.0209348107235707
2015-05-29,1.0181794658642869
2015-06-01,1.0159384614066884
2015-06-02,1.0187868620743281
2015-06-03,1.020796945646337
2015-06-04,1.0240084075551588
2015-06-05,1.024378078603294
2015-06-08,1.025107639960282
2015-06-09,1.0227358450209698
2015-06-10,1.0211015460304709
2015-06-11,1.0221803266497314
2015-06-12,1.0220961136491677
2015-06-15,1.020324413174993
2015-06-16,1.0192678290237982
2015-06-17,1.0191088818559852
2015-06-18,1.018686895161202
2015-06-19,1.019375320061158
2015-06-23,1.024907088986086
2015-06-24,1.0232334322062273
2015-06-25,1.0195269987279858
2015-06-26,1.017070483065066
2015-06-29,1.0159098620539027
2015-06-30,1.0192471230537803
2015-07-01,1.0182992662002406
2015-07-02,1.0231687589704286
2015-07-03,1.0246944632324795
2015-07-06,1.0255533279815015
2015-07-07,1.0321167101629882
2015-07-08,1.034163268680826
2015-07-09,1.027637957308523
2015-07-10,1.0265075783969873
2015-07-13,1.030769423310998
2015-07-14,1.0349394064492863
2015-07-15,1.0338219642235837
2015-07-16,1.0378007832388014
2015-07-17,1.0464643538890344
2015-07-20,1.0540472103194929
2015-07-21,1.0597907543914997
2015-07-22,1.0600958373812899
2015-07-23,1.0626242291882566
2015-07-24,1.0621125067452228
2015-07-27,1.0604897462159733
2015-07-28,1.0678813872380282
2015-07-29,1.0701928040323523
2015-07-30,1.0676437358229327
2015-07-31,1.069562655887642
2015-08-03,1.0706816942511619
2015-08-04,1.0705734482517462
2015-08-05,1.0697405227523198
2015-08-06,1.0742675375609407
2015-08-07,1.070630746073136
2015-08-10,1.0709880886286922
2015-08-11,1.0691204422242848
2015-08-12,1.0589192237510237
2015-08-13,1.0583644869223365
2015-08-14,1.0605286108202754
2015-08-17,1.0586419494066845
2015-08-18,1.0548459804210113
2015-08-19,1.053752907068394
2015-08-20,1.050437379672058
2015-08-21,1.04473368312876
2015-08-24,1.0400011808860425
2015-08-25,1.0407087306926601
2015-08-26,1.0431133793310317
2015-08-27,1.0511128159523762
2015-08-28,1.0506968444173999
2015-08-31,1.051141476242651
2015-09-01,1.0490802384109583
2015-09-02,1.051378844001917
2015-09-07,1.0519051054197663
2015-09-08,1.0530693978241543
2015-09-09,1.0527553144973465
2015-09-10,1.0522905942779563
2015-09-11,1.0513292604854125
2015-09-14,1.0520599328682358
2015-09-15,1.0512778810603807
2015-09-16,1.054261798450949
2015-09-17,1.0499314782866576
2015-09-18,1.0491113550139317
2015-09-21,1.0476448592787246
2015-09-22,1.0485198270098373
2015-09-23,1.0477960250395306
2015-09-24,1.0478244749338514
2015-09-25,1.0461483877600426
2015-09-28,1.0471452604571667
2015-09-29,1.0495958647342667
2015-09-30,1.0515160185028682
2015-10-08,1.046683950971357
2015-10-09,1.039259744610349
2015-10-12,1.0442788396643221
2015-10-13,1.0456380651589048
2015-10-14,1.044178747120141
2015-10-15,1.0440205842720087
2015-10-16,1.0430486331494087
2015-10-19,1.0436046869847835
2015-10-20,1.0495730957094482
2015-10-21,1.0464835507564973
2015-10-22,1.0475683586102496
2015-10-23,1.0512974154215342
2015-10-26,1.0547155534776504
2015-10-27,1.0557537225863547
2015-10-28,1.0566836427025852
2015-10-29,1.0567878999803002
2015-10-30,1.0605909334242376
2015-11-02,1.059070877913476
2015-11-03,1.0595032380047102
2015-11-04,1.0617452720415006
2015-11-05,1.0645242185037511
2015-11-06,1.063968495993718
2015-11-09,1.0618189831032225
2015-11-10,1.0609560462839114
2015-11-11,1.0625563892040137
2015-11-12,1.065011948008878
2015-11-13,1.0656692052512557
2015-11-16,1.0605468142301575
2015-11-17,1.0658924361772646
2015-11-18,1.0663604925540147
2015-11-19,1.0681497436965066
2015-11-20,1.0674306562304392
2015-11-23,1.070659037349822
2015-11-24,1.0716311795793823
2015-11-25,1.0689086157022056
2015-11-26,1.0710802883104211
2015-11-27,1.0681813504398678
2015-11-30,1.0716389717590886
2015-12-01,1.0680342532351195
2015-12-02,1.0741584857628068
2015-12-03,1.0769207051911895
2015-12-04,1.0731170017097207
2015-12-07,1.0742053861710934
2015-12-08,1.076849179245283
2015-12-09,1.0772847843220523
2015-12-10,1.078284725412038
2015-12-11,1.0788633702258568
2015-12-14,1.0788707764635193
2015-12-15,1.0812424951207227
2015-12-16,1.0813835196771042
2015-12-17,1.085401058267771
2015-12-18,1.0885711146318215
2015-12-21,1.091661030965204
2015-12-22,1.092266938838962
2015-12-23,1.093070844344525
2015-12-24,1.0909820902535894
2015-12-25,1.090171442076206
2015-12-28,1.0914238296961425
2015-12-29,1.0929441113460694
2015-12-30,1.0947538954358744
2015-12-31,1.0955913275192353
2016-01-04,1.0847747587051983
2016-01-05,1.0812444164531243
2016-01-06,1.0810558099635414
2016-01-07,1.0784356501429635
2016-01-08,1.0762340712254561
2016-01-11,1.0736851934187455
2016-01-12,1.0791580344336786
2016-01-13,1.0811260173489123
2016-01-14,1.0786606820946567
2016-01-15,1.078204924661232
2016-01-18,1.0764875564031904
2016-01-19,1.0769223399275611
2016-01-20,1.0731399167044586
2016-01-21,1.0699904320968312
2016-01-22,1.0710257125532765
2016-01-25,1.0709059613437883
2016-01-26,1.0655392101365921
2016-01-27,1.0633339996244204
2016-01-28,1.0624299363787704
2016-01-29,1.0635144238160696
2016-02-01,1.0623142021564693
2016-02-02,1.0635212217552543
2016-02-03,1.0625893818714964
2016-02-04,1.0602464201917345
2016-02-05,1.0585867678396967
2016-02-15,1.0545166720383594
2016-02-16,1.0536349938537684
2016-02-17,1.052541940314513
2016-02-18,1.051874420634005
2016-02-19,1.0511069816912588
2016-02-22,1.050691985171082
2016-02-23,1.0517842241439737
2016-02-24,1.0516216347938316
2016-02-25,1.0545406032965752
2016-02-26,1.0560350482654697
2016-02-29,1.0583134901400835
2016-03-01,1.0561310074601862
2016-03-02,1.0579132694815512
2016-03-03,1.0566230121603875
2016-03-04,1.0525571197376722
2016-03-07,1.0501405141286342
2016-03-08,1.0490221727270626
2016-03-09,1.0517421251544514
2016-03-10,1.0540143257148995
2016-03-11,1.0544771673852753
2016-03-14,1.053672599563354
2016-03-15,1.0566859913203899
2016-03-16,1.0564681884238158
2016-03-17,1.0541749516072576
2016-03-18,1.052717251881102
2016-03-21,1.0524223001328257
2016-03-22,1.052942102572194
2016-03-23,1.055517867445646
2016-03-24,1.0600756325092537
2016-03-25,1.0602505081855553
2016-03-28,1.0606640387243649
2016-03-29,1.0619117415909076
2016-03-30,1.0620199201337543
2016-03-31,1.0617222877535377
2016-04-01,1.063253811638074
2016-04-05,1.0625706056499389
2016-04-06,1.0627510353232752
2016-04-07,1.0633212166040111
2016-04-08,1.0630493873963693
2016-04-11,1.0621885391191936
2016-04-12,1.0614345631352928
2016-04-13,1.0557710067355963
2016-04-14,1.0544083732329799
2016-04-15,1.0541449690581273
2016-04-18,1.0574941849987158
2016-04-19,1.0571638104990957
2016-04-20,1.056662812909264
2016-04-21,1.0539127516235747
2016-04-22,1.0519507760412738
2016-04-25,1.0456312535409826
2016-04-26,1.0462526510877606
2016-04-27,1.0460579436065836
2016-04-28,1.0470332867578067
2016-04-29,1.0483731614866436
2016-05-03,1.0500005929160239
2016-05-04,1.0497203978539376
2016-05-05,1.0500876451889936
2016-05-06,1.0536480349723403
2016-05-09,1.0562195602822109
2016-05-10,1.0579821401525038
2016-05-11,1.0591220239915664
2016-05-12,1.0575012540105189
2016-05-13,1.0585057251746361
2016-05-16,1.0572805121176914
2016-05-17,1.0576181203290014
2016-05-18,1.0559882814811288
2016-05-19,1.0543112779914308
2016-05-20,1.0543410559064814
2016-05-23,1.0545474610382812
2016-05-24,1.054586427476523
2016-05-25,1.0544057318434912
2016-05-26,1.0538278555018323
2016-05-27,1.0543766352333348
2016-05-30,1.0541974677554589
2016-05-31,1.0519943540227727
2016-06-01,1.0525534542280541
2016-06-02,1.050954329206127
2016-06-03,1.0489844077732495
2016-06-06,1.052713856550605
2016-06-07,1.0514538581001083
2016-06-08,1.0513121901414741
2016-06-13,1.0580459469772405
2016-06-14,1.0585616158668916
2016-06-15,1.0589095117167902
2016-06-16,1.0614533360943954
2016-06-17,1.0603237860444226
2016-06-20,1.0589918778628626
2016-06-21,1.0583692888072633
2016-06-22,1.0562600353987885
2016-06-23,1.0575893374236336
2016-06-24,1.0623088818204338
2016-06-27,1.0627928012740886
2016-06-28,1.0627640834034644
2016-06-29,1.061829799134056
2016-06-30,1.0619392375791157
2016-07-01,1.0663034330907826
2016-07-04,1.065489884924899
2016-07-05,1.0653410311505247
2016-07-06,1.0675682828221014
2016-07-07,1.0692980626109079
2016-07-08,1.068860913134496
2016-07-11,1.0710966557895134
2016-07-12,1.067900067126038
2016-07-13,1.0660660229582395
2016-07-14,1.0660459362121575
2016-07-15,1.0681380907528526
2016-07-18,1.0680997935771486
2016-07-19,1.070230220401095
2016-07-20,1.0707677852264545
2016-07-21,1.070582787687411
2016-07-22,1.0717901440825846
2016-07-25,1.0719432680423793
2016-07-26,1.0722596600584313
2016-07-27,1.0740472725224535
2016-07-28,1.075708442009986
2016-07-29,1.0768991132775911
2016-08-01,1.0788229053437213
2016-08-02,1.080716653416922
2016-08-03,1.079425816901443
2016-08-04,1.0772589124260104
2016-08-05,1.0792886020984889
2016-08-08,1.0781765047868987
2016-08-09,1.07892444063038
2016-08-10,1.0819194290517327
2016-08-11,1.0808072277495053
2016-08-12,1.078433331658121
2016-08-15,1.0744538968890571
2016-08-16,1.0758218983559265
2016-08-17,1.074526493814577
2016-08-18,1.0745776924807011
2016-08-19,1.072418582603938
2016-08-22,1.0735551053507995
2016-08-23,1.0750303387815225
2016-08-24,1.0732667401622664
2016-08-25,1.0720974514494663
2016-08-26,1.07358292354399
2016-08-29,1.0729897858993664
2016-08-30,1.0725607131929142
2016-08-31,1.0710316545933019
2016-09-01,1.0717198614475545
2016-09-02,1.0716356771695712
2016-09-05,1.0725406054279396
2016-09-06,1.0704666518005765
2016-09-07,1.0724418269377165
2016-09-08,1.0713662821096204
2016-09-09,1.0717885022955094
2016-09-12,1.0700116501413652
2016-09-13,1.070604344313153
2016-09-14,1.069742318243998
2016-09-19,1.0704355722426429
2016-09-20,1.0703324109458188
2016-09-21,1.0703702392905503
2016-09-22,1.0715192370994386
2016-09-23,1.0735780211260255
2016-09-26,1.074990400130422
2016-09-27,1.073877129199051
2016-09-28,1.074461119941877
2016-09-29,1.072734598638213
2016-09-30,1.0728805926975262
2016-10-10,1.0683024189157548
2016-10-11,1.0680265515637009
2016-10-12,1.0677817129629734
2016-10-13,1.0673977327589488
2016-10-14,1.068347754298413
2016-10-17,1.0676109047090714
2016-10-18,1.068843836224367
2016-10-19,1.0693827526317494
2016-10-20,1.0714192420368491
2016-10-21,1.071829521860392
2016-10-24,1.0713617427642284
2016-10-25,1.0714113182317158
2016-10-26,1.0696306098506092
2016-10-27,1.067997867079201
2016-10-28,1.0696809789604351
2016-10-31,1.0693163217551365
2016-11-01,1.0705646067386139
2016-11-02,1.068864649930319
2016-11-03,1.0677357511607788
2016-11-04,1.0681815071206349
2016-11-07,1.0680219305224996
2016-11-08,1.06692799209394
2016-11-09,1.0666200601853508
2016-11-10,1.0703423241126326
2016-11-11,1.0677341205266129
2016-11-14,1.063740310823293
2016-11-15,1.0625997570595902
2016-11-16,1.0658030090141697
2016-11-17,1.064879085367784
2016-11-18,1.0637825987478342
2016-11-21,1.062855192523154
2016-11-22,1.0616232297131925
2016-11-23,1.0614384550232323
2016-11-24,1.0593526258559056
2016-11-25,1.0564772688495048
2016-11-28,1.0578085178604484
2016-11-29,1.0526909766957795
2016-11-30,1.0535504483350757
2016-12-01,1.0449376992825006
2016-12-02,1.0461668056646252
2016-12-05,1.0486858394777006
2016-12-06,1.0481026237300761
2016-12-07,1.0468608491654419
2016-12-08,1.0502524182135717
2016-12-09,1.0472588363171786
2016-12-12,1.047220720177532
2016-12-13,1.043406986471732
2016-12-14,1.0439254763516712
2016-12-15,1.0343784642724512
2016-12-16,1.035303905801922
2016-12-19,1.0396726466190156
2016-12-20,1.0393856827163133
2016-12-21,1.042719175481785
2016-12-22,1.0407010979166205
2016-12-23,1.042098866416902
2016-12-26,1.0456097288312642
2016-12-27,1.0435647686045353
2016-12-28,1.0485732188917107
2016-12-29,1.047759237018071
2016-12-30,1.0487999500592684
2017-01-03,1.0442078864793354
2017-01-04,1.0437163210174203
2017-01-05,1.0438156901033917
2017-01-06,1.04390440311702
2017-01-09,1.045187526426468
2017-01-10,1.046561474369605
2017-01-11,1.0482709047020566
2017-01-12,1.0503043470705586
2017-01-13,1.0484571399420108
2017-01-16,1.0515882030128774
2017-01-17,1.0510868526532469
2017-01-18,1.0488420332287962
2017-01-19,1.0472917333994067
2017-01-20,1.0457922848175611
2017-01-23,1.0486892466511477
2017-01-24,1.0489769353573215
2017-01-25,1.0489122401980744
2017-01-26,1.0508688280742937
2017-02-03,1.0512305614177893
2017-02-06,1.054927122544708
2017-02-07,1.0558486279841262
2017-02-08,1.0538467539021332
2017-02-09,1.055456574703852
2017-02-10,1.056118727155287
2017-02-13,1.0560026640160753
2017-02-14,1.0555975024687687
2017-02-15,1.055780452108211
2017-02-16,1.0559805652750522
2017-02-17,1.0563726402371225
2017-02-20,1.053895584681866
2017-02-21,1.054177267452172
2017-02-22,1.0562812812895777
2017-02-23,1.0549058733329644
2017-02-24,1.0573753877056036
2017-02-27,1.056764661088225
2017-02-28,1.0550870407388135
2017-03-01,1.052809258085045
2017-03-02,1.0577033898034438
2017-03-03,1.053799159184942
2017-03-06,1.057393476330104
2017-03-07,1.0558773244714459
2017-03-08,1.0537156908046454
2017-03-09,1.0500094337481103
2017-03-10,1.0515385751269752
2017-03-13,1.0563955487553909
2017-03-14,1.0546293722397477
2017-03-15,1.0552366951912715
2017-03-16,1.0589755151184836
2017-03-17,1.056590265942987
2017-03-20,1.0562330258049275
2017-03-21,1.058522197445977
2017-03-22,1.053788185060379
2017-03-23,1.054169425191107
2017-03-24,1.0526349745835242
2017-03-27,1.0514459541373653
2017-03-28,1.053184781376681
2017-03-29,1.0558638117703134
2017-03-30,1.0570943383957336
2017-03-31,1.056237374694723
2017-04-05,1.061498315332356
2017-04-06,1.058726399540885
2017-04-07,1.060921048640162
2017-04-10,1.0594007972495567
2017-04-11,1.0609035765672312
2017-04-12,1.0622202342991498
2017-04-13,1.061563343506896
2017-04-14,1.05810172124859
2017-04-17,1.0582972876327397
2017-04-18,1.059800922228328
2017-04-19,1.0581194986009277
2017-04-20,1.0579238610668795
2017-04-21,1.0591847132255299
2017-04-24,1.0586282972415888
2017-04-25,1.0600979169865143
2017-04-26,1.0613900523563917
2017-04-27,1.0617447466755765
2017-04-28,1.0617589233226739
2017-05-02,1.060113288606096
2017-05-03,1.059921824566329
2017-05-04,1.0588905092780954
2017-05-05,1.0559396500138782
2017-05-08,1.0589822664754798
2017-05-09,1.0601541864036688
2017-05-10,1.0607872191563386
2017-05-11,1.0623793825123742
2017-05-12,1.0632889474499956
2017-05-15,1.0647433865921727
2017-05-16,1.0680160340954983
2017-05-17,1.0667100531296125
2017-05-18,1.0634996998088473
2017-05-19,1.0662185588903899
2017-05-22,1.0691059157115275
2017-05-23,1.0707489733190265
2017-05-24,1.0678856181273286
2017-05-25,1.070002238364388
2017-05-26,1.0705191786142734
2017-05-31,1.0672433210346424
2017-06-01,1.0649249925796536
2017-06-02,1.0646048427317203
2017-06-05,1.0663432888093192
2017-06-06,1.0676200438373595
2017-06-07,1.0697118779347077
2017-06-08,1.069047612413284
2017-06-09,1.06707667207873
2017-06-12,1.0642541676331578
2017-06-13,1.064124149510001
2017-06-14,1.062966700781001
2017-06-15,1.0572801703224108
2017-06-16,1.057224122031822
2017-06-19,1.0576041280990442
2017-06-20,1.0575457876820873
2017-06-21,1.0582668882196113
2017-06-22,1.0596065054736818
2017-06-23,1.0604296172107026
2017-06-26,1.0636190555961595
2017-06-27,1.0611451559710787
2017-06-28,1.0584306623860964
2017-06-29,1.0604838971494615
2017-06-30,1.0581423470244669
2017-07-03,1.0562635609128965
2017-07-04,1.0517750503839816
2017-07-05,1.0541910544381479
2017-07-06,1.0552829535325206
2017-07-07,1.055760783618916
2017-07-10,1.055692396877019
2017-07-11,1.0566852856617344
2017-07-12,1.055941158666121
2017-07-13,1.0598207354379756
2017-07-14,1.0596146348001794
2017-07-17,1.059156352627108
2017-07-18,1.062256444430372
2017-07-19,1.065268587296722
2017-07-20,1.063723273087272
2017-07-21,1.0643985569136498
2017-07-24,1.0658596748866629
2017-07-25,1.0654193754307966
2017-07-26,1.0650297269778035
2017-07-27,1.0647359819989999
2017-07-28,1.0636568705748062
2017-07-31,1.0628999577325093
2017-08-01,1.0634972283101434
2017-08-02,1.065305386377293
2017-08-03,1.0648022229461718
2017-08-04,1.063541252267748
2017-08-07,1.0651298407564698
2017-08-08,1.066728801778391
2017-08-09,1.065937362835845
2017-08-10,1.064390516947822
2017-08-11,1.0612209236752015
2017-08-14,1.0626985643892901
2017-08-15,1.0637017007066618
2017-08-16,1.0650083806629285
2017-08-17,1.0647551140270928
2017-08-18,1.0643579617665446
2017-08-21,1.0652016522826686
2017-08-22,1.066727846077095
2017-08-23,1.0671139025226581
2017-08-24,1.0656465319326052
2017-08-25,1.0672168936221276
2017-08-28,1.0671015182869368
2017-08-29,1.0652929643322475
2017-08-30,1.0669015195629086
2017-08-31,1.068218792557134
2017-09-01,1.067557418746563
2017-09-04,1.0656925572636098
2017-09-05,1.0666988935486588
2017-09-06,1.065611040485658
2017-09-07,1.0646091007801508
2017-09-08,1.0640692601889654
2017-09-11,1.0653300693768872
2017-09-12,1.0664766817023337
2017-09-13,1.066201433219885
2017-09-14,1.0647487159346178
2017-09-15,1.0637430644834929
2017-09-18,1.065416758639628
2017-09-19,1.0645082620965507
2017-09-20,1.065510040367801
2017-09-21,1.0653730789249525
2017-09-22,1.064181852312174
2017-09-25,1.0635264152758648
2017-09-26,1.059573748393831
2017-09-27,1.0608352884933685
2017-09-28,1.0621830694010244
2017-09-29,1.0627421900414624
2017-10-09,1.0660502898725899
2017-10-10,1.0656498039426066
2017-10-11,1.0662841677055477
2017-10-12,1.066770170090614
2017-10-13,1.0672274337859364
2017-10-16,1.0673277668377956
2017-10-17,1.068172493960364
2017-10-18,1.0698323340180806
2017-10-19,1.069622273139946
2017-10-20,1.0697532639798
2017-10-23,1.07056254613591
2017-10-24,1.0713828732041222
2017-10-25,1.0725038078310671
2017-10-26,1.0734503421824242
2017-10-27,1.0758048480622557
2017-10-30,1.0775347725819227
2017-10-31,1.0761790872793524
2017-11-01,1.075322356852281
2017-11-02,1.0746991037696494
2017-11-03,1.0761602232083052
2017-11-06,1.0765880947135968
2017-11-07,1.0750170062672102
2017-11-08,1.0741230162281707
2017-11-09,1.0755511992883715
2017-11-10,1.0743654947901478
2017-11-13,1.0771740265591485
2017-11-14,1.0783337240064645
2017-11-15,1.0776164804726451
2017-11-16,1.0778752668576457
2017-11-17,1.0788644640511316
2017-11-20,1.0781481417164933
2017-11-21,1.0824608300744174
2017-11-22,1.0839336056701265
2017-11-23,1.0807003190043265
2017-11-24,1.079616223727132
2017-11-27,1.0792076162021866
2017-11-28,1.0799576279967795
2017-11-29,1.0797310817536518
2017-11-30,1.0787234271370958
2017-12-01,1.079576250567438
2017-12-04,1.0793601058651232
2017-12-05,1.0763642766115094
2017-12-06,1.080772784288273
2017-12-07,1.080812460969966
2017-12-08,1.0847682030784767
2017-12-11,1.0862736919599287
2017-12-12,1.0847040598933246
2017-12-13,1.0867416792854632
2017-12-14,1.08472364673697
2017-12-15,1.0829059474520457
2017-12-18,1.084985631196281
2017-12-19,1.0848115663329336
2017-12-20,1.0847000633711503
2017-12-21,1.0846294461941866
2017-12-22,1.0824049369492637
2017-12-25,1.0802062846969287
2017-12-26,1.0817027876354857
2017-12-27,1.0762132151671568
2017-12-28,1.0792560343566735
2017-12-29,1.0760696521502147
2018-01-02,1.0754421078851133
2018-01-03,1.0756263396269223
2018-01-04,1.0765520848815622
2018-01-05,1.0759632131139125
2018-01-08,1.0771556771202466
2018-01-09,1.076851972351563
2018-01-10,1.078063500507157
2018-01-11,1.078642790484156
2018-01-12,1.076120148068999
2018-01-15,1.0755397618702986
2018-01-16,1.0766638076975832
2018-01-17,1.077846658839325
2018-01-18,1.0783390918391418
2018-01-19,1.0793427517955165
2018-01-22,1.0794097859898526
2018-01-23,1.079355071089353
2018-01-24,1.078862579802774
2018-01-25,1.0758248753121131
2018-01-26,1.075777319086547
2018-01-29,1.074019278517
2018-01-30,1.0719751265269621
2018-01-31,1.0744602341342342
2018-02-01,1.073780313870688
2018-02-02,1.0733457741285926
2018-02-05,1.070080907095873
2018-02-06,1.0663633711973488
2018-02-07,1.0627447942822843
2018-02-08,1.0630885381767656
2018-02-09,1.0584137179042767
2018-02-12,1.0588216632110896
2018-02-13,1.0601075526159505
2018-02-14,1.062585752067944
2018-02-22,1.0640371284473291
2018-02-23,1.064313318235123
2018-02-26,1.065606695540703
2018-02-27,1.0640265925407535
2018-02-28,1.061307238715517
2018-03-01,1.0604998404048627
2018-03-02,1.0594213486140625
2018-03-05,1.0592547207048852
2018-03-06,1.0598868123753131
2018-03-07,1.0608583339002966
2018-03-08,1.0613290642465996
2018-03-09,1.0619498313834361
2018-03-12,1.0626388295519347
2018-03-13,1.0621622271774216
2018-03-14,1.0619839817184513
2018-03-15,1.0619650775958274
2018-03-16,1.062042827781481
2018-03-19,1.06238709673318
2018-03-20,1.0615695570327708
2018-03-21,1.0608126831343592
2018-03-22,1.0578267181854286
2018-03-23,1.0519187142670332
2018-03-26,1.0489061565645492
2018-03-27,1.052000154524144
2018-03-28,1.051097981130158
2018-03-29,1.0563033156666188
2018-03-30,1.0537495460546855
2018-04-02,1.0526972791395515
2018-04-03,1.0502499994742611
2018-04-04,1.0500986178294252
2018-04-09,1.0491574974984175
2018-04-10,1.050772223701637
2018-04-11,1.0489681688759511
2018-04-12,1.0457298097971937
2018-04-13,1.0459261150478945
2018-04-16,1.041423047538032
2018-04-17,1.0403701859692216
2018-04-18,1.0377167116669694
2018-04-19,1.0382314398779282
2018-04-20,1.0383568665184917
2018-04-23,1.0390565514954313
2018-04-24,1.0395297158846668
2018-04-25,1.0391975584991255
2018-04-26,1.0362861467044426
2018-04-27,1.0379071531043713
2018-05-02,1.0392830646336704
2018-05-03,1.0379788318618446
2018-05-04,1.039397620135597
2018-05-07,1.0398450161358097
2018-05-08,1.0414340319324753
2018-05-09,1.0408977207574555
2018-05-10,1.0414561809183411
2018-05-11,1.0408014985557734
2018-05-14,1.0418906122057603
2018-05-15,1.0426179586315025
2018-05-16,1.043098690057933
2018-05-17,1.0435971126716488
2018-05-18,1.0424562888614117
2018-05-21,1.0435961969985512
2018-05-22,1.0410926642617737
2018-05-23,1.040472034237787
2018-05-24,1.0393480437808156
2018-05-25,1.0377930384972656
2018-05-28,1.0421166223796847
2018-05-29,1.0413583951219558
2018-05-30,1.0382550750257737
2018-05-31,1.039324566047235
2018-06-01,1.0386580452485474
2018-06-04,1.0410726011444786
2018-06-05,1.0440235743864212
2018-06-06,1.0430834177911668
2018-06-07,1.0429972409439647
2018-06-08,1.04182424932486
2018-06-11,1.0413545587473108
2018-06-12,1.043810296008802
2018-06-13,1.0431814126897527
2018-06-14,1.0418220678427057
2018-06-15,1.0416389090839806
2018-06-19,1.0408577134353942
2018-06-20,1.0431824533946998
2018-06-21,1.0449868694181648
2018-06-22,1.044036980178272
2018-06-25,1.0439800915489637
2018-06-26,1.0423735797293798
2018-06-27,1.040735954450602
2018-06-28,1.038925010179134
2018-06-29,1.0451964316712585
2018-07-02,1.041933251642507
2018-07-03,1.0445729507351342
2018-07-04,1.0424212985836863
2018-07-05,1.0412893535996666
2018-07-06,1.04282766901865
2018-07-09,1.048440770146584
2018-07-10,1.0509683660428513
2018-07-11,1.0472324200069645
2018-07-12,1.0490527528969464
2018-07-13,1.0502881593994615
2018-07-16,1.0504885935966688
2018-07-17,1.0496811489844344
2018-07-18,1.0532986047563124
2018-07-19,1.0536588773237272
2018-07-20,1.0552453938347783
2018-07-23,1.0542511005422894
2018-07-24,1.0552465661339745
2018-07-25,1.0558366257447678
2018-07-26,1.0577090925867563
2018-07-27,1.0576034523676845
2018-07-30,1.055524011956085
2018-07-31,1.054104342100154
2018-08-01,1.0578119997466566
2018-08-02,1.0601171643053435
2018-08-03,1.0641918949378109
2018-08-06,1.0658831343129351
2018-08-07,1.0653470320664695
2018-08-08,1.0642858964022275
2018-08-09,1.060670009573072
2018-08-10,1.0592911740200255
2018-08-13,1.0585263305885886
2018-08-14,1.0620313615180241
2018-08-15,1.0626234521514821
2018-08-16,1.0624084535360316
2018-08-17,1.059976882534217
2018-08-20,1.0569935386248266
2018-08-21,1.055017472533298
2018-08-22,1.0565209065630117
2018-08-23,1.0589075986792422
2018-08-24,1.0603163600010976
2018-08-27,1.0571764376942587
2018-08-28,1.0583349977199543
2018-08-29,1.0600340002377477
2018-08-30,1.0632177902329842
2018-08-31,1.0640487860761798
2018-09-03,1.0637794609751867
2018-09-04,1.0640699051704472
2018-09-05,1.0645816222563007
2018-09-06,1.0617050372575427
2018-09-07,1.0576304977449786
2018-09-10,1.060074196543405
2018-09-11,1.0590199908850564
2018-09-12,1.063378666387421
2018-09-13,1.060079924222858
2018-09-14,1.0599654772700624
2018-09-17,1.0618454762026528
2018-09-18,1.0586318200021758
2018-09-19,1.0593571576417138
2018-09-20,1.0601515937392403
2018-09-21,1.0587623269284852
2018-09-25,1.0614493682203563
2018-09-26,1.0618601903548952
2018-09-27,1.063151672009962
2018-09-28,1.0669619745924173
2018-10-08,1.066318450146745
2018-10-09,1.067018724268223
2018-10-10,1.0657205525975069
2018-10-11,1.0583011886093485
2018-10-12,1.056017287520171
2018-10-15,1.0550328273920149
2018-10-16,1.0554246891327588
2018-10-17,1.0594927414613806
2018-10-18,1.0595461275982434
2018-10-19,1.0568931355949234
2018-10-22,1.05241928862606
2018-10-23,1.0508673262244879
2018-10-24,1.0500215649380455
2018-10-25,1.0435848230985756
2018-10-26,1.0447002060464528
2018-10-29,1.0456245117458658
2018-10-30,1.0432625693026079
2018-10-31,1.045877203882611
2018-11-01,1.0465954140302915
2018-11-02,1.0451069513601516
2018-11-05,1.0448105784050927
2018-11-06,1.0471118086470865
2018-11-07,1.0485097484083123
2018-11-08,1.052420917093068
2018-11-09,1.0516133558958194
2018-11-12,1.054366414781586
2018-11-13,1.0509285723671848
2018-11-14,1.0514036049814057
2018-11-15,1.0517302665264427
2018-11-16,1.0524837105456988
2018-11-19,1.051318755304423
2018-11-20,1.0471796063704801
2018-11-21,1.0455414096349167
2018-11-22,1.0451660994095398
2018-11-23,1.0420470556391341
2018-11-26,1.041944813290363
2018-11-27,1.043696029610219
2018-11-28,1.0453495391747785
2018-11-29,1.044644499423529
2018-11-30,1.045590415334878
2018-12-03,1.0488206900892623
2018-12-04,1.0488182082740922
2018-12-05,1.0469283342081328
2018-12-06,1.0473826990814077
2018-12-07,1.0469795653740925
2018-12-10,1.0439702381190474
2018-12-11,1.0434698274512
2018-12-12,1.0447642336524865
2018-12-13,1.0426470953687725
2018-12-14,1.0413902627379474
2018-12-17,1.0395128154366657
2018-12-18,1.036839413022348
2018-12-19,1.039210251740662
2018-12-20,1.037292171431466
2018-12-21,1.0391856521162333
2018-12-24,1.0367802470148524
2018-12-25,1.0354893688782059
2018-12-26,1.0366467527220293
2018-12-27,1.0388543488634117
2018-12-28,1.040136533770352
2019-01-02,1.0395654792625844
2019-01-03,1.0352112815958383
2019-01-04,1.0363258810902758
2019-01-07,1.0414470664624502
2019-01-08,1.0419756203890747
2019-01-09,1.0411593488546158
2019-01-10,1.040549692841084
2019-01-11,1.040844996437667
2019-01-14,1.0413793357895116
2019-01-15,1.039798557194551
2019-01-16,1.0406550145839688
2019-01-17,1.0407505147850487
2019-01-18,1.0390594048740525
2019-01-21,1.0365726809270888
2019-01-22,1.0378713374027153
2019-01-23,1.0384243753160327
2019-01-24,1.0387947661691481
2019-01-25,1.036929258151342
2019-01-28,1.0390565526872486
2019-01-29,1.040744188592244
2019-01-30,1.0422476961129314
2019-01-31,1.0395775762064126
2019-02-01,1.039472077903944
2019-02-11,1.0400375421001204
2019-02-12,1.039893168241643
2019-02-13,1.0372471773942042
2019-02-14,1.0358214835611896
2019-02-15,1.0384272349610828
2019-02-18,1.0363594710003772
2019-02-19,1.0363345309845557
2019-02-20,1.0376256904008156
2019-02-21,1.0360271326237291
2019-02-22,1.0328995571650597
2019-02-25,1.0276370402595345
2019-02-26,1.0267729547516444
2019-02-27,1.0288594207335724
2019-02-28,1.0264483864916853
2019-03-01,1.0258790360714105
2019-03-04,1.02249143069506
2019-03-05,1.0218995249560818
2019-03-06,1.0207382572619281
2019-03-07,1.0239259418521456
2019-03-08,1.0272452128843654
2019-03-11,1.0275933946386107
2019-03-12,1.028873163228056
2019-03-13,1.0291443755566754
2019-03-14,1.029069186625343
2019-03-15,1.028453987085356
2019-03-18,1.0274626668186737
2019-03-19,1.028170243185337
2019-03-20,1.0285388453828102
2019-03-21,1.0285869494604483
2019-03-22,1.0293589688311724
2019-03-25,1.032381842155622
2019-03-26,1.0340881203515717
2019-03-27,1.032726627283253
2019-03-28,1.0325805249790145
2019-03-29,1.0278801047322343
2019-04-01,1.0261858715397885
2019-04-02,1.0264335578955608
2019-04-03,1.0249045555618777
2019-04-04,1.0252715664701555
2019-04-08,1.0217094602259391
2019-04-09,1.0211487049878616
2019-04-10,1.0201267756957189
2019-04-11,1.0236191323092063
2019-04-12,1.0215556266598218
2019-04-15,1.0191578162592534
2019-04-16,1.0175676572533232
2019-04-17,1.0166911306368864
2019-04-18,1.0161124260088674
2019-04-19,1.016818688944377
2019-04-22,1.0180370802558707
2019-04-23,1.0158627846918802
2019-04-24,1.0173189381582948
2019-04-25,1.020959906446975
2019-04-26,1.024350322792973
2019-04-29,1.025915630896857
2019-04-30,1.0267267239684503
2019-05-06,1.0308016515704854
2019-05-07,1.0313390690221935
2019-05-08,1.0316823429584483
2019-05-09,1.0326718394477217
2019-05-10,1.0337721120227106
2019-05-13,1.0344754786939
2019-05-14,1.0348669162585764
2019-05-15,1.035441042789264
2019-05-16,1.0367296427403496
2019-05-17,1.036297396036439
2019-05-20,1.0347131090782653
2019-05-21,1.0344918758142727
2019-05-22,1.0339009121110372
2019-05-23,1.0339063625060656
2019-05-24,1.0362189963722295
2019-05-27,1.0348232076986985
2019-05-28,1.0366033472738831
2019-05-29,1.0373032292721331
2019-05-30,1.0387962765419472
2019-05-31,1.0378943708463557
2019-06-03,1.0360166377147964
2019-06-04,1.0330598434072151
2019-06-05,1.036114945027347
2019-06-06,1.0374369920871336
2019-06-10,1.037155031593367
2019-06-11,1.0341846007209263
2019-06-12,1.0366697112033727
2019-06-13,1.0365962396430648
2019-06-14,1.0403684360792977
2019-06-17,1.0396482573187704
2019-06-18,1.0407207199801891
2019-06-19,1.0393963593171998
2019-06-20,1.0402417553416876
2019-06-21,1.0408503125419473
2019-06-24,1.0410493155076872
2019-06-25,1.0436694730976281
2019-06-26,1.0413253947664902
2019-06-27,1.040626708454028
2019-06-28,1.040959089704539
2019-07-01,1.0377942289892625
2019-07-02,1.0396225116055475
2019-07-03,1.045708850427088
2019-07-04,1.0448061221903793
2019-07-05,1.0446543926971037
2019-07-08,1.0447277644620119
2019-07-09,1.0444781838361525
2019-07-10,1.0444527383055615
2019-07-11,1.045822897597042
2019-07-12,1.0451026561581014
2019-07-15,1.046230422978064
2019-07-16,1.047507910176168
2019-07-17,1.0474473977560252
2019-07-18,1.048576764000195
2019-07-19,1.0498116320678015
2019-07-22,1.0485965294230495
2019-07-23,1.0497625404109672
2019-07-24,1.050425229029271
2019-07-25,1.0514574688883649
2019-07-26,1.0514680605494362
2019-07-29,1.0521695936310687
2019-07-30,1.0528932598150738
2019-07-31,1.0516842195395348
2019-08-01,1.0502338363072983
2019-08-02,1.0533508961669196
2019-08-05,1.0562755542667384
2019-08-06,1.0567062105087675
2019-08-07,1.056016194319241
2019-08-08,1.058392831664975
2019-08-09,1.0609029837949835
2019-08-12,1.0630304485059752
2019-08-13,1.0634481480454583
2019-08-14,1.0626054006734478
2019-08-15,1.0638631990015512
2019-08-16,1.06366099475131
2019-08-19,1.0642804903961256
2019-08-20,1.063415397707739
2019-08-21,1.0635266405898158
2019-08-22,1.0642475574708776
2019-08-23,1.0639844081810836
2019-08-26,1.0677833109602224
2019-08-27,1.0688633284030833
2019-08-28,1.0688347291976974
2019-08-29,1.0690378268224057
2019-08-30,1.0676531940033969
2019-09-02,1.0685243582025241
2019-09-03,1.0680664257173147
2019-09-04,1.0701562349622298
2019-09-05,1.071820941786409
2019-09-06,1.072734928516123
2019-09-09,1.072593522592157
2019-09-10,1.0672648125663688
2019-09-11,1.0654604151610956
2019-09-12,1.066958554684597
2019-09-16,1.0628880541033816
2019-09-17,1.0594717003778096
2019-09-18,1.0627995829302939
2019-09-19,1.0637791513860992
2019-09-20,1.0650474061961763
2019-09-23,1.0646372379643019
2019-09-24,1.0649493581942684
2019-09-25,1.064416472042263
2019-09-26,1.063206184250351
2019-09-27,1.0623503530651062
2019-09-30,1.062150206562368
2019-10-08,1.0641554509468734
2019-10-09,1.0653197433934591
2019-10-10,1.0650902262799262
2019-10-11,1.0657459753977716
2019-10-14,1.0655459288686715
2019-10-15,1.0666325004184791
2019-10-16,1.0665081901551214
2019-10-17,1.0678632511514967
2019-10-18,1.0658818203568265
2019-10-21,1.0642463325531277
2019-10-22,1.0656566157692435
2019-10-23,1.0644343520166881
2019-10-24,1.064721982950706
2019-10-25,1.0666554808093789
2019-10-28,1.0667335878699562
2019-10-29,1.0661030922458399
2019-10-30,1.064124240842762
2019-10-31,1.0657642455189464
2019-11-01,1.0687581967043427
2019-11-04,1.0684566505434079
2019-11-05,1.0680191342423755
2019-11-06,1.0672845337820378
2019-11-07,1.0679926478332202
2019-11-08,1.0652576659296435
2019-11-11,1.0653396717877714
2019-11-12,1.064951116540469
2019-11-13,1.0662905741191608
2019-11-14,1.066507744268527
2019-11-15,1.067362439061039
2019-11-18,1.0701058446123244
2019-11-19,1.073283514567411
2019-11-20,1.072407670056779
2019-11-21,1.0714052973584205
2019-11-22,1.0703150055418829
2019-11-25,1.0703971714999807
2019-11-26,1.072288780105129
2019-11-27,1.0726883458907879
2019-11-28,1.0730792373112512
2019-11-29,1.0732188401527898
2019-12-02,1.075643833751472
2019-12-03,1.0757197582862643
2019-12-04,1.0767352774789345
2019-12-05,1.0763632062561501
2019-12-06,1.076416538096548
2019-12-09,1.0746110232829693
2019-12-10,1.0736874457935688
2019-12-11,1.0737284513548981
2019-12-12,1.0749565326418498
2019-12-13,1.0751809348589414
2019-12-16,1.076886179951897
2019-12-17,1.0780124910593285
2019-12-18,1.0764381415313307
2019-12-19,1.0755482197267854
2019-12-20,1.0770311868221398
2019-12-23,1.0780770998160334
2019-12-24,1.0798062178057464
2019-12-25,1.0795280711310078
2019-12-26,1.081464366594517
2019-12-27,1.083951618040008
2019-12-30,1.085309815064482
2019-12-31,1.0879307867136672
2020-01-02,1.0864368689897301
2020-01-03,1.0869883714257451
2020-01-06,1.086913634046883
2020-01-07,1.0896956692312187
2020-01-08,1.0892472065322907
2020-01-09,1.0926235045072803
2020-01-10,1.0961486364429158
2020-01-13,1.0979553102653334
2020-01-14,1.0989277328749687
2020-01-15,1.0990637012913438
2020-01-16,1.0987358457098773
2020-01-17,1.10082987253339
2020-01-20,1.1009933688695601
2020-01-21,1.1026160580287758
2020-01-22,1.1030025397278114
2020-01-23,1.1060350399201777
2020-02-03,1.1089370836349113
2020-02-04,1.1077394850553397
2020-02-05,1.1140685518466829
2020-02-06,1.1141247442055304
2020-02-07,1.1190264110288184
2020-02-10,1.1232551946829183
2020-02-11,1.1294269828076349
2020-02-12,1.13217860101058
2020-02-13,1.1396476442966192
2020-02-14,1.1368755808745248
2020-02-17,1.1392293979736312
2020-02-18,1.1373340100654854
2020-02-19,1.137798793169688
2020-02-20,1.1392955058623486
2020-02-21,1.1442257325635932
2020-02-24,1.1475172534035938
2020-02-25,1.1470792516703274
2020-02-26,1.1482065638090517
2020-02-27,1.1519883268782891
2020-02-28,1.15306739975691
2020-03-02,1.1511004233425353
2020-03-03,1.150728423934687
2020-03-04,1.1554201407180795
2020-03-05,1.1582330284313633
2020-03-06,1.1609831516609674
2020-03-09,1.166021547570528
2020-03-10,1.1704715377719943
2020-03-11,1.1714486146279808
2020-03-12,1.1730812337229262
2020-03-13,1.1664668123223023
2020-03-16,1.153823748184651
2020-03-17,1.1434846157833265
2020-03-18,1.1442107833129296
2020-03-19,1.1408934107017399
2020-03-20,1.1438844433160584
2020-03-23,1.140786265572549
2020-03-24,1.1518838719077793
2020-03-25,1.1573777196730757
2020-03-26,1.1585505499088002
2020-03-27,1.1608835866217582
2020-03-30,1.160032096614919
2020-03-31,1.1603640218104079
2020-04-01,1.159619345265725
2020-04-02,1.158786335994739
2020-04-03,1.1585387008199917
2020-04-07,1.17194111624803
2020-04-08,1.1736988992213342
2020-04-09,1.1744463842925594
2020-04-10,1.173240787496146
2020-04-13,1.1723839573814387
2020-04-14,1.1773780151295077
2020-04-15,1.1815358471671782
2020-04-16,1.1820598174871437
2020-04-17,1.1804000084633848
2020-04-20,1.180047669098234
2020-04-21,1.1837267384419938
2020-04-22,1.189077608324237
2020-04-23,1.1919442198992345
2020-04-24,1.1941249199910142
2020-04-27,1.1952045419755069
2020-04-28,1.1955790404630204
2020-04-29,1.1972689858223842
2020-04-30,1.1900647278070053
2020-05-06,1.1893430672248408
2020-05-07,1.1861839536870962
2020-05-08,1.1848753273126231
2020-05-11,1.1806187286158565
2020-05-12,1.1800511059994152
2020-05-13,1.180845741840151
2020-05-14,1.1822119640654554
2020-05-15,1.1849670587869776
2020-05-18,1.1858227037699482
2020-05-19,1.1812425391345023
2020-05-20,1.1811015844599466
2020-05-21,1.1804182850429186
2020-05-22,1.1859792841514243
2020-05-25,1.1852709227384979
2020-05-26,1.1803592659727165
2020-05-27,1.176955162158446
2020-05-28,1.1786051409882283
2020-05-29,1.1785036562489943
2020-06-01,1.174181093041488
2020-06-02,1.1695320070909934
2020-06-03,1.1645376149275912
2020-06-04,1.162648843961378
2020-06-05,1.158621807524668
2020-06-08,1.1527073915023558
2020-06-09,1.1464243277845882
2020-06-10,1.1487354388773627
2020-06-11,1.1562683936947793
2020-06-12,1.1570068334799524
2020-06-15,1.1540977157904309
2020-06-16,1.1486926681732956
2020-06-17,1.1466911101036168
2020-06-18,1.1478099019356334
2020-06-19,1.1489886523501114
2020-06-22,1.152535777919044
2020-06-23,1.1514104962640401
2020-06-24,1.1575020096836697
2020-06-29,1.1574910085549899
2020-06-30,1.1593289938200275
2020-07-01,1.1658644582292903
2020-07-02,1.168867081940492
2020-07-03,1.1718980920636668
2020-07-06,1.1780307366077116
2020-07-07,1.1770582292099343
2020-07-08,1.1778715359532852
2020-07-09,1.1818513944613078
2020-07-10,1.182197134837198
2020-07-13,1.1856482494701395
2020-07-14,1.186338554674925
2020-07-15,1.1865939919520259
2020-07-16,1.1812922569763995
2020-07-17,1.180452468673147
2020-07-20,1.1827128661291748
2020-07-21,1.1903206954006913
2020-07-22,1.196968798180501
2020-07-23,1.199746158348887
2020-07-24,1.194968377163349
2020-07-27,1.2011330519256007
2020-07-28,1.2017806774688757
2020-07-29,1.2033897498020434
2020-07-30,1.199740866828659
2020-07-31,1.2038485929334257
2020-08-03,1.2037503219866268
2020-08-04,1.2059399328284222
2020-08-05,1.2100622819257156
2020-08-06,1.2086290431511297
2020-08-07,1.2115291102721772
2020-08-10,1.209265115660862
2020-08-11,1.202501996626287
2020-08-12,1.1906172271872546
2020-08-13,1.1947973597563852
2020-08-14,1.198154197406612
2020-08-17,1.2008449911905736
2020-08-18,1.2033759003283784
2020-08-19,1.2033560215922605
2020-08-20,1.1997868479094618
2020-08-21,1.2048201688122753
2020-08-24,1.2104468640750334
2020-08-25,1.2125760190804524
2020-08-26,1.2093583692602703
2020-08-27,1.2130870666397129
2020-08-28,1.2168894466827047
2020-08-31,1.2197074985379157
2020-09-01,1.2244596618315466
2020-09-02,1.225492944743392
2020-09-03,1.2256480077370877
2020-09-04,1.2182845438005427
2020-09-07,1.2117799788871089
2020-09-08,1.2156537746957385
2020-09-09,1.2155883973823682
2020-09-10,1.2188322404251313
2020-09-11,1.2193481674641407
2020-09-14,1.2202506669956208
2020-09-15,1.2240781711582969
2020-09-16,1.222156310969027
2020-09-17,1.2193076483147602
2020-09-18,1.2234988554869888
2020-09-21,1.2252995217544482
2020-09-22,1.2236535472554746
2020-09-23,1.2241242703286488
2020-09-24,1.2220112309639084
2020-09-25,1.2248715814027238
2020-09-28,1.2283401496772337
2020-09-29,1.2298676554686525
2020-09-30,1.2315967946598811
2020-10-09,1.229072391790543
2020-10-12,1.23520691647243
2020-10-13,1.2343864789570325
2020-10-14,1.2323204154006913
2020-10-15,1.2318593510248124
2020-10-16,1.23013428730571
2020-10-19,1.2290127631062504
2020-10-20,1.229327912762254
2020-10-21,1.2302787837277216
2020-10-22,1.2289308970327237
2020-10-23,1.223557175654976
2020-10-26,1.2216175069547008
2020-10-27,1.2251243034497448
2020-10-28,1.2259123912193497
2020-10-29,1.225204850064707
2020-10-30,1.2243850043711655
2020-11-02,1.228401448575492
2020-11-03,1.229431281778561
2020-11-04,1.2331067355850003
2020-11-05,1.2351572220151001
2020-11-06,1.2338946714869656
2020-11-09,1.2342754570147447
2020-11-10,1.2231464860350194
2020-11-11,1.2190522328526463
2020-11-12,1.2204727758913188
2020-11-13,1.2229892117609562
2020-11-16,1.2199188007664343
2020-11-17,1.2173076495192292
2020-11-18,1.2135677668412108
2020-11-19,1.2135793254971916
2020-11-20,1.213785760648793
2020-11-23,1.2166689579913066
2020-11-24,1.208067879445888
2020-11-25,1.2047194391860503
2020-11-26,1.205611172619586
2020-11-27,1.206609158403607
2020-11-30,1.2060697655751773
2020-12-01,1.2103820439577682
2020-12-02,1.213150400029002
2020-12-03,1.2114211559468284
2020-12-04,1.2123392744633288
2020-12-07,1.2077980928775613
2020-12-08,1.2104146713878985
2020-12-09,1.2080319937108508
2020-12-10,1.2052248155995777
2020-12-11,1.201165980289309
2020-12-14,1.2010496620663178
2020-12-15,1.205735710531397
2020-12-16,1.2078272802586116
2020-12-17,1.2093916404001064
2020-12-18,1.2101674071752004
2020-12-21,1.2125262996936077
2020-12-22,1.2077818979108195
2020-12-23,1.208113239182942
2020-12-24,1.2056371056292696
2020-12-25,1.207103151999387
2020-12-28,1.2087562725799328
2020-12-29,1.2083987409336823
2020-12-30,1.2097487065935542
2020-12-31,1.2100747336895648
2021-01-04,1.2126735530881858
2021-01-05,1.2135078741359313
2021-01-06,1.2106624644293524
2021-01-07,1.2096821221136906
2021-01-08,1.2100970117036716
2021-01-11,1.2081227874230607
2021-01-12,1.2083107859707656
2021-01-13,1.2038163435279436
2021-01-14,1.2004635483673158
2021-01-15,1.2004177908940723
2021-01-18,1.2024505558214205
2021-01-19,1.2041033639016994
2021-01-20,1.2027603117357601
2021-01-21,1.208426076529838
2021-01-22,1.2086262363322637
2021-01-25,1.2084489832157088
2021-01-26,1.2093894729533146
2021-01-27,1.210041024744329
2021-01-28,1.2026288445424143
2021-01-29,1.2022100877460755
2021-02-01,1.205922317729511
2021-02-02,1.2083932056198612
2021-02-03,1.2064447770143554
2021-02-04,1.2026550655569719
2021-02-05,1.199979946996158
2021-02-08,1.2023562909590624
2021-02-09,1.2038291809949024
2021-02-10,1.2054374952413178
2021-02-18,1.198563222116142
2021-02-19,1.199848172924538
2021-02-22,1.1956603064720073
2021-02-23,1.1943096939240574
2021-02-24,1.1927944148038627
2021-02-25,1.191161857885004
2021-02-26,1.1876526925610165
2021-03-01,1.1894611006366445
2021-03-02,1.1843591743373298
2021-03-03,1.1857700770020325
2021-03-04,1.1797310231887292
2021-03-05,1.1750580812770883
2021-03-08,1.172012455789511
2021-03-09,1.1712006463720834
2021-03-10,1.1756824131735026
2021-03-11,1.177920611384979
2021-03-12,1.176396931531304
2021-03-15,1.176194810050598
2021-03-16,1.1798929695134635
2021-03-17,1.1808170240395075
2021-03-18,1.1833480594939472
2021-03-19,1.1813255622197283
2021-03-22,1.1811928307027102
2021-03-23,1.1817497824556669
2021-03-24,1.17827118853523
2021-03-25,1.1772422864036682
2021-03-26,1.1808568706677214
2021-03-29,1.1812058550697888
2021-03-30,1.1788937783171458
2021-03-31,1.1768785694632486
2021-04-01,1.1772219479557708
2021-04-02,1.1772611518143206
2021-04-06,1.1778272818868067
2021-04-07,1.1771033186736912
2021-04-08,1.1788362339347116
2021-04-09,1.1770186021482965
2021-04-12,1.1744413246067005
2021-04-13,1.173161155021139
2021-04-14,1.1738241456189709
2021-04-15,1.173911771027846
2021-04-16,1.1729151954047377
2021-04-19,1.1739236593087783
2021-04-20,1.1736219583124212
2021-04-21,1.1690568365512353
2021-04-22,1.17010594098094
2021-04-23,1.168087091709979
2021-04-26,1.1693347990480278
2021-04-27,1.172075990727362
2021-04-28,1.1726969350900884
2021-04-29,1.175363353371039
2021-04-30,1.1719817054242943
2021-05-06,1.1718716261608673
2021-05-07,1.1721435238429305
2021-05-10,1.173655600862155
2021-05-11,1.1688205941357173
2021-05-12,1.1698020537134846
2021-05-13,1.1689264092929714
2021-05-14,1.1701431269287215
2021-05-17,1.1713836638251813
2021-05-18,1.172363574875746
2021-05-19,1.1682283250123366
2021-05-20,1.1671094013536059
2021-05-21,1.1667914766650356
2021-05-24,1.1676573098500682
2021-05-25,1.1732597071562696
2021-05-26,1.1702707121872462
2021-05-27,1.1719527616951053
2021-05-28,1.1735242127437104
2021-05-31,1.1741047688193442
2021-06-01,1.1728160998104136
2021-06-02,1.1760361425060772
2021-06-03,1.1772859787045744
2021-06-04,1.1782417199847481
2021-06-07,1.1794540022393267
2021-06-08,1.1787665503270282
2021-06-09,1.1803137985675336
2021-06-10,1.1802750065025656
2021-06-11,1.1803270657544573
2021-06-15,1.1833987636177137
2021-06-16,1.1806298006810076
2021-06-17,1.1818702153516851
2021-06-18,1.1824121126182883
2021-06-21,1.1791291913438462
2021-06-22,1.1835756888957627
2021-06-23,1.185854860762849
2021-06-24,1.1872582067838071
2021-06-25,1.1894164143425614
2021-06-28,1.1891689148092808
2021-06-29,1.18656698150521
2021-06-30,1.188058207960982
2021-07-01,1.187011859742186
2021-07-02,1.185159400917598
2021-07-05,1.1852807198207758
2021-07-06,1.1846681480734509
2021-07-07,1.1838014331314948
2021-07-08,1.1805019143339373
2021-07-09,1.1798543718857946
2021-07-12,1.181816701794799
2021-07-13,1.179612892084629
2021-07-14,1.17759234089174
2021-07-15,1.1780243232310048
2021-07-16,1.1755268335343934
2021-07-19,1.175127314057015
2021-07-20,1.1723027026099122
2021-07-21,1.1732610181921994
2021-07-22,1.1766422386116655
2021-07-23,1.1744313382950378
2021-07-26,1.1705406006244428
2021-07-27,1.1688364930580204
2021-07-28,1.1670511786641216
2021-07-29,1.1695392560784963
2021-07-30,1.1650958070534807
2021-08-02,1.1671245548902247
2021-08-03,1.16639142399235
2021-08-04,1.168375236453077
2021-08-05,1.1670706443466863
2021-08-06,1.1693763477274752
2021-08-09,1.174829846690417
2021-08-10,1.1780910974706613
2021-08-11,1.1785816499498505
2021-08-12,1.175816983011766
2021-08-13,1.1736240674109513
2021-08-16,1.1718961006732853
2021-08-17,1.1684339815858689
2021-08-18,1.169381806714064
2021-08-19,1.1650426734602466
2021-08-20,1.1638856520943939
2021-08-23,1.1672483649656864
2021-08-24,1.1695196630290476
2021-08-25,1.1710516159111184
2021-08-26,1.1709500386469611
2021-08-27,1.1701197122022127
2021-08-30,1.172078943142769
2021-08-31,1.1743876190412197
2021-09-01,1.1758993191251947
2021-09-02,1.1750874954630053
2021-09-03,1.176332992621106
2021-09-06,1.1756668380816473
2021-09-07,1.176895065985761
2021-09-08,1.1779115409064815
2021-09-09,1.1772326298712015
2021-09-10,1.1776461922872041
2021-09-13,1.177000064113352
2021-09-14,1.1759166229852516
2021-09-15,1.1739291830126584
2021-09-16,1.1749611125414001
2021-09-17,1.1779974486315357
2021-09-22,1.1728635062941328
2021-09-23,1.1770611116198222
2021-09-24,1.179024997605034
2021-09-27,1.181102924985307
2021-09-28,1.1821633748608067
2021-09-29,1.1819838135996616
2021-09-30,1.183353926072646
2021-10-08,1.1806712830374657
2021-10-11,1.1799563597666656
2021-10-12,1.1756825675487688
2021-10-13,1.1766474724635754
2021-10-14,1.176303534041548
2021-10-15,1.1786363012329775
2021-10-18,1.1761791277090567
2021-10-19,1.1777960496476103
2021-10-20,1.178037706462754
2021-10-21,1.1793867046150985
2021-10-22,1.1782827132012579
2021-10-25,1.1805244779690411
2021-10-26,1.1798520021324224
2021-10-27,1.1789026324576604
2021-10-28,1.1758944243696487
2021-10-29,1.178507504571543
2021-11-01,1.1809539410204917
2021-11-02,1.1811152070030546
2021-11-03,1.1821668855006566
2021-11-04,1.1842279748176943
2021-11-05,1.1843141375934816
2021-11-08,1.184662876082238
2021-11-09,1.1839777892786123
2021-11-10,1.1836248667009048
2021-11-11,1.1813292450900563
2021-11-12,1.1804997405147144
2021-11-15,1.1821498671580817
2021-11-16,1.181817824703427
2021-11-17,1.1824393281858545
2021-11-18,1.1806532064210598
2021-11-19,1.1832171168592267
2021-11-22,1.1833319451423565
2021-11-23,1.1837182021186423
2021-11-24,1.1863746747226873
2021-11-25,1.18752079634563
2021-11-26,1.1861900489300798
2021-11-29,1.1848756767040713
2021-11-30,1.1842973714189844
2021-12-01,1.18469783638099
2021-12-02,1.1819732132864142
2021-12-03,1.1825310867669365
2021-12-06,1.1818847461077695
2021-12-07,1.184026647699992
2021-12-08,1.1891681621790786
2021-12-09,1.1910817601140595
2021-12-10,1.1904541987780657
2021-12-13,1.1916255686692354
2021-12-14,1.1896006864142816
2021-12-15,1.188740047526293
2021-12-16,1.190173727824898
2021-12-17,1.1859494757611087
2021-12-20,1.18533201419547
2021-12-21,1.186521764426762
2021-12-22,1.188157556165767
2021-12-23,1.1873841095308169
2021-12-24,1.187710598275265
2021-12-27,1.1886861263738255
2021-12-28,1.190442479187612
2021-12-29,1.1923099779846993
2021-12-30,1.1940663086203174
2021-12-31,1.1926016136883528
2022-01-04,1.195054320711942
2022-01-05,1.1946431460459186
2022-01-06,1.1933558469797227
2022-01-07,1.195755766973089
2022-01-10,1.195833291590169
2022-01-11,1.1943294118335388
2022-01-12,1.1973915444292935
2022-01-13,1.1958430226611725
2022-01-14,1.1974095700478449
2022-01-17,1.1973301374923258
2022-01-18,1.1992852575512072
2022-01-19,1.1971495674417871
2022-01-20,1.1937453654049326
2022-01-21,1.1930522993759551
2022-01-24,1.1951591535376158
2022-01-25,1.1949335344121341
2022-01-26,1.1929760664161633
2022-01-27,1.1959000580500847
2022-01-28,1.2030274457623586
2022-02-07,1.2052134406594157
2022-02-08,1.20481368661345
2022-02-09,1.203118166524841
2022-02-10,1.205303960197189
2022-02-11,1.2018391575967828
2022-02-14,1.200593204498382
2022-02-15,1.1960947092491743
2022-02-16,1.1991399812343948
2022-02-17,1.1971307207028212
2022-02-18,1.1931242236004933
2022-02-21,1.1914687939620534
2022-02-22,1.18882511591211
2022-02-23,1.1891467078138842
2022-02-24,1.1860065282942838
2022-02-25,1.1895381719728222
2022-02-28,1.1912070038403897
2022-03-01,1.1922581584407046
2022-03-02,1.192854497840346
2022-03-03,1.1955037265169906
2022-03-04,1.193225130811852
2022-03-07,1.1982204648121286
2022-03-08,1.196056971355113
2022-03-09,1.1951566604408204
2022-03-10,1.197317769576395
2022-03-11,1.1989591015956613
2022-03-14,1.2036880135467631
2022-03-15,1.2024978749946873
2022-03-16,1.2041942926144285
2022-03-17,1.2033394459947986
2022-03-18,1.2061264414355715
2022-03-21,1.2080223405368646
2022-03-22,1.2073479562544158
2022-03-23,1.209229306463399
2022-03-24,1.2102562688771767
2022-03-25,1.2111080908681242
2022-03-28,1.2122339608143005
2022-03-29,1.210369900175563
2022-03-30,1.2065718230635873
2022-03-31,1.2059756238749957
2022-04-01,1.2073149418275324
2022-04-06,1.2095746688479616
2022-04-07,1.2126596402131773
2022-04-08,1.213374007696394
2022-04-11,1.2172033364386146
2022-04-12,1.2183389160425644
2022-04-13,1.219444239417087
2022-04-14,1.2215604496886905
2022-04-15,1.2234882673288632
2022-04-18,1.224465580841834
2022-04-19,1.2242980205492269
2022-04-20,1.2239055966822032
2022-04-21,1.2274902507061622
2022-04-22,1.2238959838041785
2022-04-25,1.2223473529685671
2022-04-26,1.2242863277829075
2022-04-27,1.220923357240342
2022-04-28,1.2210423554567533
2022-04-29,1.2242717981536058
2022-05-05,1.2263289694637025
2022-05-06,1.2245133093117593
2022-05-09,1.22571349472987
2022-05-10,1.222808731854491
2022-05-11,1.221349855637578
2022-05-12,1.2211545956522352
2022-05-13,1.2215449302475094
2022-05-16,1.2219592675359807
2022-05-17,1.2244688094615739
2022-05-18,1.2258740469380887
2022-05-19,1.222420111599992
2022-05-20,1.2213564022312102
2022-05-23,1.2222004357728578
2022-05-24,1.225752176043981
2022-05-25,1.2268137759779523
2022-05-26,1.230085218840184
2022-05-27,1.2283982225115195
2022-05-30,1.225779593084571
2022-05-31,1.2245870530815368
2022-06-01,1.2222135436962567
2022-06-02,1.2232314811190987
2022-06-06,1.2229181292115088
2022-06-07,1.2227654392900553
2022-06-08,1.2230850363137054
2022-06-09,1.2241211997183208
2022-06-10,1.2229728164944724
2022-06-13,1.2271804624375313
2022-06-14,1.2235640020217864
2022-06-15,1.2207492884946713
2022-06-16,1.2211941875293923
2022-06-17,1.2204409841129946
2022-06-20,1.2174895422562815
2022-06-21,1.2176683164271958
2022-06-22,1.218544915020426
2022-06-23,1.2167162292306772
2022-06-24,1.2137462593686155
2022-06-27,1.2118887372251146
2022-06-28,1.212098678997729
2022-06-29,1.2145258512314767
2022-06-30,1.213067384657728
2022-07-01,1.2129417691132218
2022-07-04,1.2104809582159515
2022-07-05,1.2093315230262098
2022-07-06,1.2111357305911223
2022-07-07,1.2112230534130992
2022-07-08,1.21177031210358
2022-07-11,1.2134523440697336
2022-07-12,1.2152029252658636
2022-07-13,1.214528703511765
2022-07-14,1.2156873080798507
2022-07-15,1.218103526972833
2022-07-18,1.216168516047409
2022-07-19,1.2167094529461755
2022-07-20,1.2159735578187898
2022-07-21,1.216618671007576
2022-07-22,1.218475648477341
2022-07-25,1.2189088960475243
2022-07-26,1.2210687815052552
2022-07-27,1.2210009447704773
2022-07-28,1.219477017140999
2022-07-29,1.222536030102504
2022-08-01,1.2241285005585065
2022-08-02,1.2275961809118192
2022-08-03,1.227852997382947
2022-08-04,1.2261021955520037
2022-08-05,1.2230632813808533
2022-08-08,1.2252226576548775
2022-08-09,1.2240220820745937
2022-08-10,1.2261932305620191
2022-08-11,1.22336172334843
2022-08-12,1.2243070449539302
2022-08-15,1.2266537351759332
2022-08-16,1.2269350515796378
2022-08-17,1.227774635185859
2022-08-18,1.2312231614191793
2022-08-19,1.23335001989486
2022-08-22,1.2338761141906036
2022-08-23,1.235239740558519
2022-08-24,1.2362591622006216
2022-08-25,1.2343748651534865
2022-08-26,1.2334342642393614
2022-08-29,1.237743635777992
2022-08-30,1.2383994297611542
2022-08-31,1.2381437066916752
2022-09-01,1.2391660486563214
2022-09-02,1.240054266923787
2022-09-05,1.2406005302227525
2022-09-06,1.2397842399836971
2022-09-07,1.23801353811421
2022-09-08,1.2375396796420532
2022-09-09,1.2353690803039326
2022-09-13,1.233819462750569
2022-09-14,1.2344864837533256
2022-09-15,1.23551575624699
2022-09-16,1.236264696157468
2022-09-19,1.2358536355228205
2022-09-20,1.2359727469642159
2022-09-21,1.2372953153359973
2022-09-22,1.237709523934488
2022-09-23,1.237174116639048
2022-09-26,1.2325921889122142
2022-09-27,1.2308311503234695
2022-09-28,1.232435879156359
2022-09-29,1.2328460677364763
2022-09-30,1.235775229655121
2022-10-10,1.2444035246032443
2022-10-11,1.2460073935444906
2022-10-12,1.2438450605170324
2022-10-13,1.2459594109270336
2022-10-14,1.245297076861079
2022-10-17,1.2431549463958276
2022-10-18,1.242134297727444
2022-10-19,1.2435998746023131
2022-10-20,1.2437536212252016
2022-10-21,1.2439620567241165
2022-10-24,1.2433389728693336
2022-10-25,1.2425488575433048
2022-10-26,1.2422902924578128
2022-10-27,1.244718513908642
2022-10-28,1.248914518724389
2022-10-31,1.2486879643181392
2022-11-01,1.2457959591904493
2022-11-02,1.2457439922253488
2022-11-03,1.246927741438278
2022-11-04,1.2449418463231747
2022-11-07,1.2462783966019066
2022-11-08,1.2481601114732892
2022-11-09,1.254421561791403
2022-11-10,1.25189369925111
2022-11-11,1.2474741658760597
2022-11-14,1.243821255431079
2022-11-15,1.2413771180850182
2022-11-16,1.241205880104609
2022-11-17,1.2422962438197904
2022-11-18,1.2420748152513013
2022-11-21,1.2434950536651237
2022-11-22,1.244154880589193
2022-11-23,1.2462514042823492
2022-11-24,1.2471669269945327
2022-11-25,1.2456559023317977
2022-11-28,1.244978225970683
2022-11-29,1.2397071512582074
2022-11-30,1.2404651931537718
2022-12-01,1.238369736759159
2022-12-02,1.2397075912435302
2022-12-05,1.2358028285783256
2022-12-06,1.2319123225010702
2022-12-07,1.2307160349361306
2022-12-08,1.2330452909746668
2022-12-09,1.2310836553792477
2022-12-12,1.2319805908273522
2022-12-13,1.2306220243054784
2022-12-14,1.2319872247702375
2022-12-15,1.2311405979554253
2022-12-16,1.2322296628334244
2022-12-19,1.2360807879073266
2022-12-20,1.2375529258491385
2022-12-21,1.2393095976006898
2022-12-22,1.2404673847766183
2022-12-23,1.2389781308518542
2022-12-26,1.2398833735040422
2022-12-27,1.2390558085683405
2022-12-28,1.241400294857871
2022-12-29,1.2405457938549844
2022-12-30,1.2429353258258604
2023-01-03,1.2418433343801083
2023-01-04,1.2423996133399375
2023-01-05,1.2400069313378563
2023-01-06,1.237592313542085
2023-01-09,1.2376917093650819
2023-01-10,1.2367676950254793
2023-01-11,1.236018706445424
2023-01-12,1.2352643066281517
2023-01-13,1.235195828336592
2023-01-16,1.2338491683266029
2023-01-17,1.2342266010774172
2023-01-18,1.2346505931659526
2023-01-19,1.2347974255141956
2023-01-20,1.2371521236117076
2023-01-30,1.233759109856124
2023-01-31,1.2336906884156638
2023-02-01,1.2334788750735997
2023-02-02,1.2341232021061463
2023-02-03,1.2323690985739844
2023-02-06,1.2317935408209246
2023-02-07,1.2314079158558384
2023-02-08,1.2316772806833647
2023-02-09,1.2312712339437908
2023-02-10,1.2315725166398446
2023-02-13,1.232966656803447
2023-02-14,1.2320980057442714
2023-02-15,1.2321463037271576
2023-02-16,1.2317203821459524
2023-02-17,1.2333217453193714
2023-02-20,1.2304500478389964
2023-02-21,1.2294987505316468
2023-02-22,1.230830645029593
2023-02-23,1.2304685930837191
2023-02-24,1.2314478555998165
2023-02-27,1.2321920743952866
2023-02-28,1.2310965347685
2023-03-01,1.2294643944812826
2023-03-02,1.2300989145871102
2023-03-03,1.230820573605733
2023-03-06,1.2307652641089908
2023-03-07,1.2306645810421633
2023-03-08,1.229024741222041
2023-03-09,1.2282778013145323
2023-03-10,1.2293329935798067
2023-03-13,1.229415718844687
2023-03-14,1.230121287151416
2023-03-15,1.229814372590989
2023-03-16,1.2292140359166455
2023-03-17,1.2278295575196296
2023-03-20,1.2294991724143256
2023-03-21,1.2286750534825606
2023-03-22,1.2278724075650962
2023-03-23,1.2279200232048184
2023-03-24,1.22825094354458
2023-03-27,1.2280507949596078
2023-03-28,1.2283718588486499
2023-03-29,1.2286808609475397
2023-03-30,1.2276098545617824
2023-03-31,1.2275922067890828
2023-04-03,1.2272957800176025
2023-04-04,1.2274153547746103
2023-04-06,1.2281075582181984
2023-04-07,1.226932839760314
2023-04-10,1.226034650003311
2023-04-11,1.2264190531468562
2023-04-12,1.2269699532070384
2023-04-13,1.2276814610028677
2023-04-14,1.225959688617749
2023-04-17,1.2243018860157397
2023-04-18,1.2240637996352857
2023-04-19,1.2249087434023966
2023-04-20,1.224756804005387
2023-04-21,1.2235286249173634
2023-04-24,1.2227857133770554
2023-04-25,1.2241465724517455
2023-04-26,1.222978763400712
2023-04-27,1.220707990151042
2023-04-28,1.2215471435913186
2023-05-04,1.2213633023199513
2023-05-05,1.2199975972881887
2023-05-08,1.2184342818982246
2023-05-09,1.218340506303965
2023-05-10,1.2193224380871424
2023-05-11,1.2198822458861454
2023-05-12,1.2189763075694044
2023-05-15,1.2181912923382026
2023-05-16,1.217285078079115
2023-05-17,1.216186713446571
2023-05-18,1.2152489635049037
2023-05-19,1.215064412935192
2023-05-22,1.215985949520234
2023-05-23,1.2139585326867375
2023-05-24,1.2177029038282097
2023-05-25,1.217452495558505
2023-05-26,1.2150728724612734
2023-05-29,1.2122867481387913
2023-05-30,1.2106529067931917
2023-05-31,1.2140332321195342
2023-06-01,1.2135301776502068
2023-06-02,1.2116041642909572
2023-06-05,1.209409356311683
2023-06-06,1.2124414289066157
2023-06-07,1.2121970609112647
2023-06-08,1.2073967421821064
2023-06-09,1.210270474820423
2023-06-12,1.2120800966437764
2023-06-13,1.2153648975432811
2023-06-14,1.215183894592357
2023-06-15,1.2111985228449578
2023-06-16,1.2092272438313283
2023-06-19,1.2083228723236477
2023-06-20,1.2086233983818284
2023-06-21,1.2082804883069984
2023-06-26,1.2090353064832156
2023-06-27,1.2070281123184525
2023-06-28,1.2076035438688264
2023-06-29,1.208195300385653
2023-06-30,1.2080600365374157
2023-07-03,1.208448150572472
2023-07-04,1.208095374091745
2023-07-05,1.2092944472071565
2023-07-06,1.2107995555189293
2023-07-07,1.2120014478602736
2023-07-10,1.2102599408850954
2023-07-11,1.2094324817675584
2023-07-12,1.2090965447006579
2023-07-13,1.2098230673937214
2023-07-14,1.2098005270125805
2023-07-17,1.2132926484690085
2023-07-18,1.2147637259111574
2023-07-19,1.2165327029091688
2023-07-20,1.2162831609599425
2023-07-21,1.2147924779910853
2023-07-24,1.215309278500468
2023-07-25,1.2091226214065292
2023-07-26,1.2107603088507743
2023-07-27,1.2118963403115912
2023-07-28,1.2077814278224734
2023-07-31,1.2070984295893121
2023-08-01,1.2078148692061008
2023-08-02,1.207261647374221
2023-08-03,1.2037913806269063
2023-08-04,1.205383887010025
2023-08-07,1.2065729497106708
2023-08-08,1.206893461317312
2023-08-09,1.2080033001018622
2023-08-10,1.2072699900744317
2023-08-11,1.2095109224269533
2023-08-14,1.2103890878590258
2023-08-15,1.2140496174546473
2023-08-16,1.2129433151975915
2023-08-17,1.211838361080137
2023-08-18,1.2124172893066814
2023-08-21,1.2156248382470696
2023-08-22,1.2150482246442933
2023-08-23,1.2163499673272968
2023-08-24,1.2173601921386437
2023-08-25,1.2143242019599112
2023-08-28,1.2135578194668604
2023-08-29,1.21263003780478
2023-08-30,1.2166355961017274
2023-08-31,1.2182633532662295
2023-09-01,1.2166864268234163
2023-09-04,1.215619298495302
2023-09-05,1.2169091813296238
2023-09-06,1.2164119262949442
2023-09-07,1.2159026465338927
2023-09-08,1.2194946480443924
2023-09-11,1.2196600870260128
2023-09-12,1.2186284483722716
2023-09-13,1.221396916455179
2023-09-14,1.2240244750997469
2023-09-15,1.2220634361534475
2023-09-18,1.2181657469058675
2023-09-19,1.218760620549696
2023-09-20,1.2189149778921544
2023-09-21,1.217845938120328
2023-09-22,1.2146960466834416
2023-09-25,1.2157479238677014
2023-09-26,1.2148139936285498
2023-09-27,1.2105243910786248
2023-09-28,1.2139015191622113
2023-10-09,1.2124136779651133
2023-10-10,1.212357550661815
2023-10-11,1.211809482469149
2023-10-12,1.2112770559369153
2023-10-13,1.212373310552651
2023-10-16,1.2160362106364957
2023-10-17,1.2174801964014386
2023-10-18,1.2207782929563622
2023-10-19,1.2241654915061495
2023-10-20,1.2246386501171769
2023-10-23,1.2218174647200235
2023-10-24,1.2221394743949645
2023-10-25,1.219133149277834
2023-10-26,1.2154905373445686
2023-10-27,1.2157039101111577
2023-10-30,1.21328326161373
2023-10-31,1.2135285304246826
2023-11-01,1.2144893441926812
2023-11-02,1.2165977859789876
2023-11-03,1.217336697930652
2023-11-06,1.215550889685936
2023-11-07,1.213079752707334
2023-11-08,1.212715826003439
2023-11-09,1.210427147592929
2023-11-10,1.211339738749413
2023-11-13,1.2114589665984143
2023-11-14,1.2129621839758062
2023-11-15,1.2135707195628793
2023-11-16,1.2138725444546317
2023-11-17,1.2133812010434846
2023-11-20,1.2111218501991814
2023-11-21,1.2106938742459723
2023-11-22,1.2096392161216656
2023-11-23,1.2094054240878758
2023-11-24,1.2101892120047528
2023-11-27,1.2118126274483665
2023-11-28,1.2114736335640712
2023-11-29,1.2116194027100773
2023-11-30,1.2120774655642688
2023-12-01,1.213179362668853
2023-12-04,1.2145579032591916
2023-12-05,1.2136675641335055
2023-12-06,1.2134210623683919
2023-12-07,1.2146678895207332
2023-12-08,1.2155560724611758
2023-12-11,1.2152699484736718
2023-12-12,1.2158562842330367
2023-12-13,1.2176634214186999
2023-12-14,1.218592127431562
2023-12-15,1.2170366648154
2023-12-18,1.2179717219159425
2023-12-19,1.2187295075999163
2023-12-20,1.2189912489194055
2023-12-21,1.2177502034556669
2023-12-22,1.2189571803297623
2023-12-25,1.2175511138223976
2023-12-26,1.2186309248628306
2023-12-27,1.2190520842250647
2023-12-28,1.2179433078812252
2023-12-29,1.2187534386922723
2024-01-02,1.218638509405206
2024-01-03,1.2178006764421638
2024-01-04,1.21751230144055
2024-01-05,1.2195041690974264
2024-01-08,1.2209578033307626
2024-01-09,1.2228608395511986
2024-01-10,1.222656755307044
2024-01-11,1.2233025594715576
2024-01-12,1.2232064030792305
2024-01-15,1.2242187912826523
2024-01-16,1.2226468194712654
2024-01-17,1.2249859132632037
2024-01-18,1.2235200785181126
2024-01-19,1.22725125143252
2024-01-22,1.230275642970427
2024-01-23,1.228423709640318
2024-01-24,1.2272240313466611
2024-01-25,1.2267268882703246
2024-01-26,1.2284138150379404
2024-01-29,1.2306809225442237
2024-01-30,1.235129093020728
2024-01-31,1.2352592766011792
2024-02-01,1.2330703300893175
2024-02-02,1.2353950878407844
2024-02-05,1.2342716809835472
2024-02-06,1.2302612852387236
2024-02-07,1.229396476830623
2024-02-08,1.231583640945752
2024-02-19,1.2283952985196562
2024-02-20,1.2280748736013656
2024-02-21,1.2260420719117757
2024-02-22,1.2285613852820039
2024-02-23,1.2298718316809125
2024-02-26,1.2306674566063251
2024-02-27,1.23009999375393
2024-02-28,1.2304522993457352
2024-02-29,1.2298816485878612
2024-03-01,1.2314517597942733
2024-03-04,1.2355006159124942
2024-03-05,1.2358158213209363
2024-03-06,1.2381669291532265
2024-03-07,1.2403859385646137
2024-03-08,1.241410312179746
2024-03-11,1.239127936193663
2024-03-12,1.2383698204583136
2024-03-13,1.2382322456498767
2024-03-14,1.2369024815135636
2024-03-15,1.2368190897366096
2024-03-18,1.235703347371961
2024-03-19,1.236366877619481
2024-03-20,1.2371070929667323
2024-03-21,1.2415633227127745
2024-03-22,1.2426989933607453
2024-03-25,1.2428762868177672
2024-03-26,1.2432930408485872
2024-03-27,1.2438677080938836
2024-03-28,1.2449752480330678
2024-03-29,1.2488959946453533
2024-04-01,1.2492397354246727
2024-04-02,1.2493218768890781
2024-04-03,1.2517003657419525
2024-04-08,1.255210543863386
2024-04-09,1.2562524748721309
2024-04-10,1.257448789701939
2024-04-11,1.2568826405030369
2024-04-12,1.262106331281502
2024-04-15,1.2572648094686563
2024-04-16,1.254229134382037
2024-04-17,1.2534669036022166
2024-04-18,1.2535223093047414
2024-04-19,1.2541941388310587
2024-04-22,1.2526709292129778
2024-04-23,1.2540417337553191
2024-04-24,1.2537684205304191
2024-04-25,1.2528087533054513
2024-04-26,1.2524309682027341
2024-04-29,1.246513533336449
2024-04-30,1.2498881667801827
2024-05-06,1.2453160134460917
2024-05-07,1.247793650374162
2024-05-08,1.2489435056264426
2024-05-09,1.246867743529569
2024-05-10,1.2505781118265358
2024-05-13,1.24956584723297
2024-05-14,1.249879155439955
2024-05-15,1.2532048299583525
2024-05-16,1.2553974144667528
2024-05-17,1.252615228295988
2024-05-20,1.2576856501725695
2024-05-21,1.2563032319110035
2024-05-22,1.256467887153572
2024-05-23,1.2563423323434872
2024-05-24,1.2545498365642784
2024-05-27,1.2554554695396534
2024-05-28,1.257551442560068
2024-05-29,1.25897310207141
2024-05-30,1.256222322386483
2024-05-31,1.2568531278472976
2024-06-03,1.2579377865159493
2024-06-04,1.2557814633563655
2024-06-05,1.2566673131928185
2024-06-06,1.259673352386495
2024-06-07,1.2608347476069308
2024-06-11,1.2601340572873723
2024-06-12,1.2618339705412245
2024-06-13,1.2630742440709442
2024-06-14,1.2618383618934064
2024-06-17,1.2619296719806905
2024-06-18,1.2631331251392555
2024-06-19,1.2640686904373652
2024-06-20,1.2666075219796822
2024-06-21,1.2661257296089758
2024-06-24,1.2652651732589966
2024-06-25,1.2667623980829639
2024-06-26,1.2680598128768734
2024-06-27,1.2686820505050185
2024-06-28,1.271244023737913
2024-07-01,1.269231849143001
2024-07-02,1.2703516072934464
2024-07-03,1.2738860382283448
2024-07-04,1.2756863779328982
2024-07-05,1.277249078378639
2024-07-08,1.27544881906
2024-07-09,1.2751811245826636
2024-07-10,1.2747369219044231
2024-07-11,1.274114762245781
2024-07-12,1.2726523200440707
2024-07-15,1.274605222487993
2024-07-16,1.275267977639322
2024-07-17,1.27630211421721
2024-07-18,1.274760524802401
2024-07-19,1.2700439695951902
2024-07-22,1.2721439636529703
2024-07-23,1.2757957259182882
2024-07-24,1.2754985589905703
2024-07-25,1.271778604652062
2024-07-26,1.2729844396715189
2024-07-29,1.2758073475537208
2024-07-30,1.2750294844423455
2024-07-31,1.275517002051872
2024-08-01,1.2793876218887044
2024-08-02,1.2777083991311156
2024-08-05,1.27036405032952
2024-08-06,1.2693738718217589
2024-08-07,1.2713738103703098
2024-08-08,1.2698771761349035
2024-08-09,1.2720394514322684
2024-08-12,1.2690568260783697
2024-08-13,1.2735053384275368
2024-08-14,1.2757516543306837
2024-08-15,1.2730371921747208
2024-08-16,1.2761065968992684
2024-08-19,1.275799268263096
2024-08-20,1.2779338704781507
2024-08-21,1.2770410791902824
2024-08-22,1.2785532470446557
2024-08-23,1.2784469442309823
2024-08-26,1.2805705194975745
2024-08-27,1.2807035088556415
2024-08-28,1.2807311093769416
2024-08-29,1.2793672268925869
2024-08-30,1.277748064508743
2024-09-02,1.2815281461534742
2024-09-03,1.2830891669265865
2024-09-04,1.2831825149670606
2024-09-05,1.2850847092579807
2024-09-06,1.2876158706062675
2024-09-09,1.2892682463545924
2024-09-10,1.2920517731226602
2024-09-11,1.2953318969884589
2024-09-12,1.295307047942575
2024-09-13,1.3001428647998667
2024-09-18,1.2976630306641963
2024-09-19,1.2947516770673495
2024-09-20,1.2969475615980512
2024-09-23,1.2978844441866637
2024-09-24,1.2892874516150694
2024-09-25,1.2919222260754595
2024-09-26,1.2894956743155306
2024-09-27,1.2804721358547835
2024-09-30,1.2684468545299328
2024-10-08,1.26037898110716
2024-10-09,1.2668361758050088
2024-10-10,1.2699608270798493
2024-10-11,1.2735328170969784
2024-10-14,1.2743799085505954
2024-10-15,1.279185738195408
2024-10-16,1.2824851596245737
2024-10-17,1.2847190768957881
2024-10-18,1.282224780441156
2024-10-21,1.284901468502157
2024-10-22,1.2835780552893075
2024-10-23,1.283793347029618
2024-10-24,1.28205046431226
2024-10-25,1.2819382789638667
2024-10-28,1.2845776033850762
2024-10-29,1.287363691110446
2024-10-30,1.291332563701123
2024-10-31,1.288434279788043
2024-11-01,1.2876225677364683
2024-11-04,1.2867634936473047
2024-11-05,1.2869597403593476
2024-11-06,1.2877709830740287
2024-11-07,1.2854847566721248
2024-11-08,1.2876148327320687
2024-11-11,1.287875516654716
2024-11-12,1.285715999062698
2024-11-13,1.2857880269555126
2024-11-14,1.28251044484284
2024-11-15,1.2812563292470425
2024-11-18,1.2813785847486978
2024-11-19,1.2820790794888883
2024-11-20,1.2842210721315626
2024-11-21,1.2844036289693999
2024-11-22,1.284434937251789
2024-11-25,1.2835412411023084
2024-11-26,1.2837068662502475
2024-11-27,1.28500716073077
2024-11-28,1.284680935577888
2024-11-29,1.2863578664095983
2024-12-02,1.288557170811903
2024-12-03,1.2915227760187198
2024-12-04,1.2924672562339035
2024-12-05,1.295387755097657
2024-12-06,1.2955479242323908
2024-12-09,1.2978666605730294
2024-12-10,1.3007663009775827
2024-12-11,1.3013484401386446
2024-12-12,1.3047206406019904
2024-12-13,1.307150414187
2024-12-16,1.3084133225389039
2024-12-17,1.3094111000144264
2024-12-18,1.310507383312207
2024-12-19,1.3087291013182965
2024-12-20,1.310025370245045
2024-12-23,1.3176246897783186
2024-12-24,1.3161819779637445
2024-12-25,1.316005882552728
2024-12-26,1.3156351083173488
2024-12-27,1.3161771007797047
2024-12-30,1.3138162703521026
2024-12-31,1.3137509350795542
2025-01-02,1.315670997077906
2025-01-03,1.3189232611889838
2025-01-06,1.3195813227572257
2025-01-07,1.3176551891476536
2025-01-08,1.3210109613536833
2025-01-09,1.32051873499406
2025-01-10,1.320149467690479
2025-01-13,1.3192569617496976
2025-01-14,1.3218812202185923
2025-01-15,1.3238388456266594
2025-01-16,1.3254685556571102
2025-01-17,1.3259074380915772
2025-01-20,1.3280842303866445
2025-01-21,1.3287219463959916
2025-01-22,1.3317330127467193
2025-01-23,1.3301468323341132
2025-01-24,1.331440806754134
2025-01-27,1.3304380735140355
2025-02-05,1.338104302683004
2025-02-06,1.3404183619563954
2025-02-07,1.340787034558371
2025-02-10,1.3406661509721034
2025-02-11,1.3377535009974646
2025-02-12,1.3381313321088775
2025-02-13,1.340913823922227
2025-02-14,1.3409751166240618
2025-02-17,1.3383477065789349
2025-02-18,1.3375024012861325
2025-02-19,1.340375426452166
2025-02-20,1.3378289239532564
2025-02-21,1.3371378995532586
2025-02-24,1.3311876448714453
2025-02-25,1.3289041786662168
2025-02-26,1.327194447674523
2025-02-27,1.326971675457826
2025-02-28,1.3185770799225578
2025-03-03,1.323363319466058
2025-03-04,1.3202454925645055
2025-03-05,1.321894957496346
2025-03-06,1.3229633729125183
2025-03-07,1.3186590647264442
2025-03-10,1.31816988863366
2025-03-11,1.3096914544952059
2025-03-12,1.3123584714027563
2025-03-13,1.312578769746871
2025-03-14,1.31956216107289
2025-03-17,1.3183588271247397
2025-03-18,1.3220503486593165
2025-03-19,1.3225715758238243
2025-03-20,1.3271949115005655
2025-03-21,1.323268107675707
2025-03-24,1.3243392878103328
2025-03-25,1.326842544106133
2025-03-26,1.3275515950130499
2025-03-27,1.3276287893353855
2025-03-28,1.3287787861976974
2025-03-31,1.324925290439999
2025-04-01,1.3285746034795793
2025-04-02,1.3290360619091348
2025-04-03,1.3335223156600573
2025-04-07,1.322620057052691
2025-04-08,1.3282277996246115
2025-04-09,1.3332070308774626
2025-04-10,1.3399149148868519
2025-04-11,1.3436797943819137
2025-04-14,1.343913685558218
2025-04-15,1.3435098221625734
2025-04-16,1.3478213696393808
2025-04-17,1.3467505660645676
2025-04-18,1.3456316572089202
2025-04-21,1.3475416751408298
2025-04-22,1.3523260586795194
2025-04-23,1.3452148315344508
2025-04-24,1.3450633356191013
2025-04-25,1.3466172222104564
2025-04-28,1.3457053189985104
2025-04-29,1.3473420870024775
2025-04-30,1.3480141661395497
2025-05-06,1.3499527337533035
2025-05-07,1.350775337537399
2025-05-08,1.3532672810598612
2025-05-09,1.3514174514374149
2025-05-12,1.3484799984329812
2025-05-13,1.346493433921352
2025-05-14,1.3436493197316806
2025-05-15,1.340468858406021
2025-05-16,1.3401844436671762
2025-05-19,1.3404878208558353
2025-05-20,1.3419701487499673
2025-05-21,1.343841118250855
2025-05-22,1.345145428801515
2025-05-23,1.3448192380725137
2025-05-26,1.3440060317979592
2025-05-27,1.3427908288708865
2025-05-28,1.34291564398241
2025-05-29,1.342310030693937
2025-05-30,1.3434405324267122
2025-06-03,1.3443608516076384
2025-06-04,1.3449316571432584
2025-06-05,1.3465632469390623
2025-06-06,1.3473428012783093
2025-06-09,1.3468055536861865
2025-06-10,1.3454626123148774
2025-06-11,1.3465506202544062
2025-06-12,1.346033373725868
2025-06-13,1.3430220629282463
2025-06-16,1.3439085245969506
2025-06-17,1.3448884187602383
2025-06-18,1.3444807844000048
2025-06-19,1.342818770391086
2025-06-20,1.3432529481358684
2025-06-23,1.3429562033923783
2025-06-24,1.3469523515982846
2025-06-25,1.3484490222255394
2025-06-26,1.3490321645460763
2025-06-27,1.3488819531761942
2025-06-30,1.3490822096342645
2025-07-01,1.3503831622624383
2025-07-02,1.3508703716468913
2025-07-03,1.3518156753344688
2025-07-04,1.3524923102464323
2025-07-07,1.3515960893058034
2025-07-08,1.3519824616329355
2025-07-09,1.350043819110915
2025-07-10,1.3508178757330505
2025-07-11,1.350415011147056
2025-07-14,1.3498461848331706
2025-07-15,1.3520723458682995
2025-07-16,1.351768078281148
2025-07-17,1.353361778055792
2025-07-18,1.3538546984342197
2025-07-21,1.35442760060351
2025-07-22,1.355720924204098
2025-07-23,1.3557344815388894
2025-07-24,1.353108858417414
2025-07-25,1.352558326618203
2025-07-28,1.3544704477166538
2025-07-29,1.3531280212614991
2025-07-30,1.3536028216747487
2025-07-31,1.3535884158361078
2025-08-01,1.3514952633040531
2025-08-04,1.3531854708105258
2025-08-05,1.3558169701529736
2025-08-06,1.3556322674595458
2025-08-07,1.3573268452527931
2025-08-08,1.358510295742436
2025-08-11,1.3574428912354985
2025-08-12,1.3574020344488629
2025-08-13,1.3601202335896931
2025-08-14,1.3591754755664993
2025-08-15,1.3599394268822778
2025-08-18,1.358490427652042
2025-08-19,1.3575231216947328
2025-08-20,1.3574410175095633
2025-08-21,1.3584505237680655
2025-08-22,1.3598783904186904
2025-08-25,1.363277333867324
2025-08-26,1.3622587838779525
2025-08-27,1.3624630847304835
2025-08-28,1.3620223562551925
2025-08-29,1.3626323761396
2025-09-01,1.3653305385779797
2025-09-02,1.3644588184836226
2025-09-03,1.3665086314625488
2025-09-04,1.367307112916782
2025-09-05,1.3676675832822422
2025-09-08,1.3687763611130412
2025-09-09,1.371193947396845
2025-09-10,1.3708263549397812
2025-09-11,1.3719399139503146
2025-09-12,1.3729403838526602
2025-09-15,1.3739863214026327
2025-09-16,1.3767876495395222
2025-09-17,1.3755187926406716
2025-09-18,1.3738047824827044
2025-09-19,1.373810649537815
2025-09-22,1.3786031253253264
2025-09-23,1.3812107283352004
2025-09-24,1.3793091718415926
2025-09-25,1.3777195278298995
2025-09-26,1.3773901528657397
2025-09-29,1.3803598322315813
2025-09-30,1.3853515435155095
2025-10-09,1.3938763002721986
2025-10-10,1.393237279709281
2025-10-13,1.3946649053890812
2025-10-14,1.3940591491104748
2025-10-15,1.3965649661283945
2025-10-16,1.397675680453245
2025-10-17,1.3985764362153656
2025-10-20,1.3982529751022474
2025-10-21,1.4002429795732971
2025-10-22,1.3983583185982036
2025-10-23,1.3975890384054444
2025-10-24,1.3974151406498183
2025-10-27,1.4007209982511966
2025-10-28,1.402491301261925
2025-10-29,1.4069179536707401
2025-10-30,1.4065448114816552
2025-10-31,1.4063844960960343
2025-11-03,1.4066004281205662
2025-11-04,1.403988410383998
2025-11-05,1.4027697221470465
2025-11-06,1.4055748393660585
2025-11-07,1.4058131051338303
2025-11-10,1.4057605737914822
2025-11-11,1.405911764207645
2025-11-12,1.4052801486900006
2025-11-13,1.4073646620267457
2025-11-14,1.4027055538570126
2025-11-17,1.4000374632984485
2025-11-18,1.3985194960549812
2025-11-19,1.3978347386027588
2025-11-20,1.3996547104702026
2025-11-21,1.397771517662113
2025-11-24,1.397688565639071
2025-11-25,1.3996953782056387
2025-11-26,1.3992542906981968
2025-11-27,1.3985584459133942
2025-11-28,1.3997180176795434
2025-12-01,1.4005161578121614
2025-12-02,1.3995790404851505
2025-12-03,1.4005808894386516
2025-12-04,1.3980906552784325
2025-12-05,1.399670122164122
2025-12-08,1.39984077389187
2025-12-09,1.4000584017648934
2025-12-10,1.4006089274245241
2025-12-11,1.4003521281321298
2025-12-12,1.400966541777544
2025-12-15,1.4007109298757268
2025-12-16,1.3976789329851098
2025-12-17,1.4004703490834247
2025-12-18,1.400329549786336
2025-12-19,1.402225500443126
2025-12-22,1.4039167048895889
2025-12-23,1.4066329359508902
2025-12-24,1.4059561888791172
2025-12-25,1.4054808555121872
2025-12-26,1.4059730955432936
2025-12-29,1.4035382318273018
2025-12-30,1.4020445759999263
2025-12-31,1.4012370868732669
2026-01-05,1.4031882447551856
2026-01-06,1.4046078356929372
2026-01-07,1.4037242364085802
2026-01-08,1.4013957948233216
2026-01-09,1.4015738937277114
2026-01-12,1.4022784081281205
2026-01-13,1.4025401545960576
2026-01-14,1.4011695789040755
2026-01-15,1.4005718415104271
2026-01-16,1.4000272018221263
2026-01-19,1.4007607049544464
2026-01-20,1.3999592731136188
2026-01-21,1.401520098553662
2026-01-22,1.4003113286734383
2026-01-23,1.400541168199864
2026-01-26,1.3995010161728905
2026-01-27,1.4002698636040793
2026-01-28,1.3982798962271994
2026-01-29,1.397836872333657
2026-01-30,1.3957698704520753
2026-02-02,1.39119544468594
2026-02-03,1.3936746424412476
2026-02-04,1.3942788457113648
2026-02-05,1.391871473666986
2026-02-06,1.3900814026480717
2026-02-09,1.3917882419858072
2026-02-10,1.39161722073881
2026-02-11,1.3904202169858475
2026-02-12,1.3899742056588702
2026-02-13,1.3887830829601244
2026-02-24,1.3887441625350012
2026-02-25,1.3902927731364876
2026-02-26,1.3916936992519002
2026-02-27,1.3904409018276132
2026-03-02,1.388257601896232
2026-03-03,1.3852029327706397
2026-03-04,1.3825855766710762
2026-03-05,1.3855658529397805
2026-03-06,1.3853537128184847
2026-03-09,1.3850927922369043
2026-03-10,1.3864217349582457
2026-03-11,1.3870625903173393
2026-03-12,1.3860381686100582
2026-03-13,1.3845251597121686
2026-03-16,1.385095071093896
2026-03-17,1.3841529505906094
2026-03-18,1.3839374645806484
2026-03-19,1.3795150812697605
2026-03-20,1.378221667960418
2026-03-23,1.372301650937602
2026-03-24,1.3744955439675113
2026-03-25,1.3752107240622404
2026-03-26,1.374011051703231
2026-03-27,1.37411965827866
2026-03-30,1.3747149830095837
